add_remove_every_n_epoch,proto_split_density_threshold,proto_remove_density_threshold,repulsion_loss_margin,batch_size,epochs,seed,experiment_path,cov_value,PINAW_value
50,0.001,0.0001,0.01,-1,150,1,Experiment Path: ./logs/Concrete_Compressive_Strength/seed_1/voronoi/softlabelbased/20240926-184541,0.91262,1.36370
50,0.001,0.0001,0.01,-1,150,1,Experiment Path: ./logs/Concrete_Compressive_Strength/seed_1/voronoi/softlabelbased/20240926-184541,0.52427,0.48998
50,0.001,0.0001,0.01,-1,150,1,Experiment Path: ./logs/Concrete_Compressive_Strength/seed_1/voronoi/softlabelbased/20240926-184541,0.14563,0.09463
50,0.001,0.0001,0.01,-1,150,8,Experiment Path: ./logs/Concrete_Compressive_Strength/seed_8/voronoi/softlabelbased/20240926-184547,0.95146,1.37852
50,0.001,0.0001,0.01,-1,150,8,Experiment Path: ./logs/Concrete_Compressive_Strength/seed_8/voronoi/softlabelbased/20240926-184547,0.62136,0.49115
50,0.001,0.0001,0.01,-1,150,8,Experiment Path: ./logs/Concrete_Compressive_Strength/seed_8/voronoi/softlabelbased/20240926-184547,0.21359,0.07812
50,0.001,0.0001,0.01,-1,150,2,Experiment Path: ./logs/Concrete_Compressive_Strength/seed_2/voronoi/softlabelbased/20240926-184547,0.91262,1.17472
50,0.001,0.0001,0.01,-1,150,2,Experiment Path: ./logs/Concrete_Compressive_Strength/seed_2/voronoi/softlabelbased/20240926-184547,0.45631,0.42021
50,0.001,0.0001,0.01,-1,150,2,Experiment Path: ./logs/Concrete_Compressive_Strength/seed_2/voronoi/softlabelbased/20240926-184547,0.13592,0.06527
50,0.001,0.0001,0.01,-1,150,6,Experiment Path: ./logs/Concrete_Compressive_Strength/seed_6/voronoi/softlabelbased/20240926-184548,0.94175,1.43202
50,0.001,0.0001,0.01,-1,150,6,Experiment Path: ./logs/Concrete_Compressive_Strength/seed_6/voronoi/softlabelbased/20240926-184548,0.48544,0.43634
50,0.001,0.0001,0.01,-1,150,6,Experiment Path: ./logs/Concrete_Compressive_Strength/seed_6/voronoi/softlabelbased/20240926-184548,0.10680,0.06238
50,0.001,0.0001,0.01,-1,150,9,Experiment Path: ./logs/Concrete_Compressive_Strength/seed_9/voronoi/softlabelbased/20240926-184549,0.95146,1.42326
50,0.001,0.0001,0.01,-1,150,9,Experiment Path: ./logs/Concrete_Compressive_Strength/seed_9/voronoi/softlabelbased/20240926-184549,0.60194,0.46902
50,0.001,0.0001,0.01,-1,150,9,Experiment Path: ./logs/Concrete_Compressive_Strength/seed_9/voronoi/softlabelbased/20240926-184549,0.11650,0.08987
50,0.001,0.0001,0.01,-1,150,4,Experiment Path: ./logs/Concrete_Compressive_Strength/seed_4/voronoi/softlabelbased/20240926-184547,0.93204,1.32183
50,0.001,0.0001,0.01,-1,150,4,Experiment Path: ./logs/Concrete_Compressive_Strength/seed_4/voronoi/softlabelbased/20240926-184547,0.43689,0.37363
50,0.001,0.0001,0.01,-1,150,4,Experiment Path: ./logs/Concrete_Compressive_Strength/seed_4/voronoi/softlabelbased/20240926-184547,0.05825,0.02944
50,0.001,0.0001,0.01,-1,150,7,Experiment Path: ./logs/Concrete_Compressive_Strength/seed_7/voronoi/softlabelbased/20240926-184547,0.89320,1.11639
50,0.001,0.0001,0.01,-1,150,7,Experiment Path: ./logs/Concrete_Compressive_Strength/seed_7/voronoi/softlabelbased/20240926-184547,0.51456,0.39022
50,0.001,0.0001,0.01,-1,150,7,Experiment Path: ./logs/Concrete_Compressive_Strength/seed_7/voronoi/softlabelbased/20240926-184547,0.01942,0.03132
50,0.001,0.0001,0.01,-1,150,0,Experiment Path: ./logs/Concrete_Compressive_Strength/seed_0/voronoi/softlabelbased/20240926-184547,0.95146,1.24267
50,0.001,0.0001,0.01,-1,150,0,Experiment Path: ./logs/Concrete_Compressive_Strength/seed_0/voronoi/softlabelbased/20240926-184547,0.56311,0.47064
50,0.001,0.0001,0.01,-1,150,0,Experiment Path: ./logs/Concrete_Compressive_Strength/seed_0/voronoi/softlabelbased/20240926-184547,0.18447,0.07109
50,0.001,0.0001,0.01,-1,150,5,Experiment Path: ./logs/Concrete_Compressive_Strength/seed_5/voronoi/softlabelbased/20240926-184546,0.88350,1.19496
50,0.001,0.0001,0.01,-1,150,5,Experiment Path: ./logs/Concrete_Compressive_Strength/seed_5/voronoi/softlabelbased/20240926-184546,0.54369,0.45031
50,0.001,0.0001,0.01,-1,150,5,Experiment Path: ./logs/Concrete_Compressive_Strength/seed_5/voronoi/softlabelbased/20240926-184546,0.07767,0.03509
50,0.001,0.0001,0.01,-1,150,3,Experiment Path: ./logs/Concrete_Compressive_Strength/seed_3/voronoi/softlabelbased/20240926-184547,0.96117,1.24804
50,0.001,0.0001,0.01,-1,150,3,Experiment Path: ./logs/Concrete_Compressive_Strength/seed_3/voronoi/softlabelbased/20240926-184547,0.64078,0.46315
50,0.001,0.0001,0.01,-1,150,3,Experiment Path: ./logs/Concrete_Compressive_Strength/seed_3/voronoi/softlabelbased/20240926-184547,0.14563,0.08533
50,0.001,0.0001,0.01,-1,300,2,Experiment Path: ./logs/Concrete_Compressive_Strength/seed_2/voronoi/softlabelbased/20240926-184544,0.91262,1.20325
50,0.001,0.0001,0.01,-1,300,2,Experiment Path: ./logs/Concrete_Compressive_Strength/seed_2/voronoi/softlabelbased/20240926-184544,0.49515,0.34732
50,0.001,0.0001,0.01,-1,300,2,Experiment Path: ./logs/Concrete_Compressive_Strength/seed_2/voronoi/softlabelbased/20240926-184544,0.05825,0.03433
50,0.001,0.0001,0.01,-1,300,4,Experiment Path: ./logs/Concrete_Compressive_Strength/seed_4/voronoi/softlabelbased/20240926-184548,0.92233,1.22928
50,0.001,0.0001,0.01,-1,300,4,Experiment Path: ./logs/Concrete_Compressive_Strength/seed_4/voronoi/softlabelbased/20240926-184548,0.46602,0.30362
50,0.001,0.0001,0.01,-1,300,4,Experiment Path: ./logs/Concrete_Compressive_Strength/seed_4/voronoi/softlabelbased/20240926-184548,0.09709,0.04739
50,0.001,0.0001,0.01,-1,300,5,Experiment Path: ./logs/Concrete_Compressive_Strength/seed_5/voronoi/softlabelbased/20240926-184544,0.86408,1.05664
50,0.001,0.0001,0.01,-1,300,5,Experiment Path: ./logs/Concrete_Compressive_Strength/seed_5/voronoi/softlabelbased/20240926-184544,0.46602,0.39430
50,0.001,0.0001,0.01,-1,300,5,Experiment Path: ./logs/Concrete_Compressive_Strength/seed_5/voronoi/softlabelbased/20240926-184544,0.02913,0.01627
50,0.001,0.0001,0.01,-1,300,1,Experiment Path: ./logs/Concrete_Compressive_Strength/seed_1/voronoi/softlabelbased/20240926-184547,0.94175,1.33280
50,0.001,0.0001,0.01,-1,300,1,Experiment Path: ./logs/Concrete_Compressive_Strength/seed_1/voronoi/softlabelbased/20240926-184547,0.65049,0.50669
50,0.001,0.0001,0.01,-1,300,1,Experiment Path: ./logs/Concrete_Compressive_Strength/seed_1/voronoi/softlabelbased/20240926-184547,0.12621,0.06086
50,0.001,0.0001,0.01,-1,300,3,Experiment Path: ./logs/Concrete_Compressive_Strength/seed_3/voronoi/softlabelbased/20240926-184548,0.95146,1.29501
50,0.001,0.0001,0.01,-1,300,3,Experiment Path: ./logs/Concrete_Compressive_Strength/seed_3/voronoi/softlabelbased/20240926-184548,0.50485,0.36453
50,0.001,0.0001,0.01,-1,300,3,Experiment Path: ./logs/Concrete_Compressive_Strength/seed_3/voronoi/softlabelbased/20240926-184548,0.16505,0.05883
50,0.001,0.0001,0.01,-1,300,0,Experiment Path: ./logs/Concrete_Compressive_Strength/seed_0/voronoi/softlabelbased/20240926-184547,0.95146,1.30201
50,0.001,0.0001,0.01,-1,300,0,Experiment Path: ./logs/Concrete_Compressive_Strength/seed_0/voronoi/softlabelbased/20240926-184547,0.47573,0.36871
50,0.001,0.0001,0.01,-1,300,0,Experiment Path: ./logs/Concrete_Compressive_Strength/seed_0/voronoi/softlabelbased/20240926-184547,0.06796,0.04343
50,0.001,0.0001,0.01,-1,300,6,Experiment Path: ./logs/Concrete_Compressive_Strength/seed_6/voronoi/softlabelbased/20240926-184727,0.97087,1.34435
50,0.001,0.0001,0.01,-1,300,6,Experiment Path: ./logs/Concrete_Compressive_Strength/seed_6/voronoi/softlabelbased/20240926-184727,0.53398,0.38660
50,0.001,0.0001,0.01,-1,300,6,Experiment Path: ./logs/Concrete_Compressive_Strength/seed_6/voronoi/softlabelbased/20240926-184727,0.14563,0.08662
50,0.001,0.0001,0.01,-1,300,7,Experiment Path: ./logs/Concrete_Compressive_Strength/seed_7/voronoi/softlabelbased/20240926-184726,0.91262,1.06584
50,0.001,0.0001,0.01,-1,300,7,Experiment Path: ./logs/Concrete_Compressive_Strength/seed_7/voronoi/softlabelbased/20240926-184726,0.50485,0.37098
50,0.001,0.0001,0.01,-1,300,7,Experiment Path: ./logs/Concrete_Compressive_Strength/seed_7/voronoi/softlabelbased/20240926-184726,0.12621,0.07043
50,0.001,0.0001,0.01,-1,300,8,Experiment Path: ./logs/Concrete_Compressive_Strength/seed_8/voronoi/softlabelbased/20240926-184728,0.97087,1.39873
50,0.001,0.0001,0.01,-1,300,8,Experiment Path: ./logs/Concrete_Compressive_Strength/seed_8/voronoi/softlabelbased/20240926-184728,0.64078,0.43093
50,0.001,0.0001,0.01,-1,300,8,Experiment Path: ./logs/Concrete_Compressive_Strength/seed_8/voronoi/softlabelbased/20240926-184728,0.18447,0.07562
50,0.001,0.0001,0.01,-1,300,9,Experiment Path: ./logs/Concrete_Compressive_Strength/seed_9/voronoi/softlabelbased/20240926-184728,0.94175,1.34093
50,0.001,0.0001,0.01,-1,300,9,Experiment Path: ./logs/Concrete_Compressive_Strength/seed_9/voronoi/softlabelbased/20240926-184728,0.47573,0.35262
50,0.001,0.0001,0.01,-1,300,9,Experiment Path: ./logs/Concrete_Compressive_Strength/seed_9/voronoi/softlabelbased/20240926-184728,0.11650,0.06413
50,0.001,0.0001,0.01,256,150,0,Experiment Path: ./logs/Concrete_Compressive_Strength/seed_0/voronoi/softlabelbased/20240926-184856,0.96117,1.16907
50,0.001,0.0001,0.01,256,150,0,Experiment Path: ./logs/Concrete_Compressive_Strength/seed_0/voronoi/softlabelbased/20240926-184856,0.64078,0.42989
50,0.001,0.0001,0.01,256,150,0,Experiment Path: ./logs/Concrete_Compressive_Strength/seed_0/voronoi/softlabelbased/20240926-184856,0.18447,0.05479
50,0.001,0.0001,0.01,256,150,1,Experiment Path: ./logs/Concrete_Compressive_Strength/seed_1/voronoi/softlabelbased/20240926-184911,0.85437,1.06446
50,0.001,0.0001,0.01,256,150,1,Experiment Path: ./logs/Concrete_Compressive_Strength/seed_1/voronoi/softlabelbased/20240926-184911,0.53398,0.36506
50,0.001,0.0001,0.01,256,150,1,Experiment Path: ./logs/Concrete_Compressive_Strength/seed_1/voronoi/softlabelbased/20240926-184911,0.10680,0.04665
50,0.001,0.0001,0.01,256,150,2,Experiment Path: ./logs/Concrete_Compressive_Strength/seed_2/voronoi/softlabelbased/20240926-185000,0.92233,1.01973
50,0.001,0.0001,0.01,256,150,2,Experiment Path: ./logs/Concrete_Compressive_Strength/seed_2/voronoi/softlabelbased/20240926-185000,0.48544,0.29048
50,0.001,0.0001,0.01,256,150,2,Experiment Path: ./logs/Concrete_Compressive_Strength/seed_2/voronoi/softlabelbased/20240926-185000,0.07767,0.02936
50,0.001,0.0001,0.01,256,150,3,Experiment Path: ./logs/Concrete_Compressive_Strength/seed_3/voronoi/softlabelbased/20240926-185012,0.96117,1.10850
50,0.001,0.0001,0.01,256,150,3,Experiment Path: ./logs/Concrete_Compressive_Strength/seed_3/voronoi/softlabelbased/20240926-185012,0.66019,0.36599
50,0.001,0.0001,0.01,256,150,3,Experiment Path: ./logs/Concrete_Compressive_Strength/seed_3/voronoi/softlabelbased/20240926-185012,0.12621,0.06776
50,0.001,0.0001,0.01,256,150,5,Experiment Path: ./logs/Concrete_Compressive_Strength/seed_5/voronoi/softlabelbased/20240926-185018,0.89320,0.98491
50,0.001,0.0001,0.01,256,150,5,Experiment Path: ./logs/Concrete_Compressive_Strength/seed_5/voronoi/softlabelbased/20240926-185018,0.46602,0.29785
50,0.001,0.0001,0.01,256,150,5,Experiment Path: ./logs/Concrete_Compressive_Strength/seed_5/voronoi/softlabelbased/20240926-185018,0.09709,0.02734
50,0.001,0.0001,0.01,256,150,4,Experiment Path: ./logs/Concrete_Compressive_Strength/seed_4/voronoi/softlabelbased/20240926-185014,0.88350,0.98739
50,0.001,0.0001,0.01,256,150,4,Experiment Path: ./logs/Concrete_Compressive_Strength/seed_4/voronoi/softlabelbased/20240926-185014,0.48544,0.26992
50,0.001,0.0001,0.01,256,150,4,Experiment Path: ./logs/Concrete_Compressive_Strength/seed_4/voronoi/softlabelbased/20240926-185014,0.13592,0.02784
50,0.001,0.0001,0.01,-1,500,3,Experiment Path: ./logs/Concrete_Compressive_Strength/seed_3/voronoi/softlabelbased/20240926-184730,0.95146,1.38818
50,0.001,0.0001,0.01,-1,500,3,Experiment Path: ./logs/Concrete_Compressive_Strength/seed_3/voronoi/softlabelbased/20240926-184730,0.59223,0.33091
50,0.001,0.0001,0.01,-1,500,3,Experiment Path: ./logs/Concrete_Compressive_Strength/seed_3/voronoi/softlabelbased/20240926-184730,0.09709,0.04728
50,0.001,0.0001,0.01,-1,500,1,Experiment Path: ./logs/Concrete_Compressive_Strength/seed_1/voronoi/softlabelbased/20240926-184731,0.95146,1.56093
50,0.001,0.0001,0.01,-1,500,1,Experiment Path: ./logs/Concrete_Compressive_Strength/seed_1/voronoi/softlabelbased/20240926-184731,0.54369,0.34050
50,0.001,0.0001,0.01,-1,500,1,Experiment Path: ./logs/Concrete_Compressive_Strength/seed_1/voronoi/softlabelbased/20240926-184731,0.09709,0.05615
50,0.001,0.0001,0.01,256,150,6,Experiment Path: ./logs/Concrete_Compressive_Strength/seed_6/voronoi/softlabelbased/20240926-185028,0.97087,1.28428
50,0.001,0.0001,0.01,256,150,6,Experiment Path: ./logs/Concrete_Compressive_Strength/seed_6/voronoi/softlabelbased/20240926-185028,0.55340,0.36161
50,0.001,0.0001,0.01,256,150,6,Experiment Path: ./logs/Concrete_Compressive_Strength/seed_6/voronoi/softlabelbased/20240926-185028,0.16505,0.06310
50,0.001,0.0001,0.01,-1,500,2,Experiment Path: ./logs/Concrete_Compressive_Strength/seed_2/voronoi/softlabelbased/20240926-184732,0.91262,1.29206
50,0.001,0.0001,0.01,-1,500,2,Experiment Path: ./logs/Concrete_Compressive_Strength/seed_2/voronoi/softlabelbased/20240926-184732,0.51456,0.36106
50,0.001,0.0001,0.01,-1,500,2,Experiment Path: ./logs/Concrete_Compressive_Strength/seed_2/voronoi/softlabelbased/20240926-184732,0.17476,0.05916
50,0.001,0.0001,0.01,-1,500,0,Experiment Path: ./logs/Concrete_Compressive_Strength/seed_0/voronoi/softlabelbased/20240926-184730,0.95146,1.50199
50,0.001,0.0001,0.01,-1,500,0,Experiment Path: ./logs/Concrete_Compressive_Strength/seed_0/voronoi/softlabelbased/20240926-184730,0.52427,0.37366
50,0.001,0.0001,0.01,-1,500,0,Experiment Path: ./logs/Concrete_Compressive_Strength/seed_0/voronoi/softlabelbased/20240926-184730,0.10680,0.06263
50,0.001,0.0001,0.01,-1,500,4,Experiment Path: ./logs/Concrete_Compressive_Strength/seed_4/voronoi/softlabelbased/20240926-184732,0.90291,1.36491
50,0.001,0.0001,0.01,-1,500,4,Experiment Path: ./logs/Concrete_Compressive_Strength/seed_4/voronoi/softlabelbased/20240926-184732,0.39806,0.23715
50,0.001,0.0001,0.01,-1,500,4,Experiment Path: ./logs/Concrete_Compressive_Strength/seed_4/voronoi/softlabelbased/20240926-184732,0.08738,0.03076
50,0.001,0.0001,0.01,-1,500,5,Experiment Path: ./logs/Concrete_Compressive_Strength/seed_5/voronoi/softlabelbased/20240926-184734,0.91262,1.35055
50,0.001,0.0001,0.01,-1,500,5,Experiment Path: ./logs/Concrete_Compressive_Strength/seed_5/voronoi/softlabelbased/20240926-184734,0.46602,0.24567
50,0.001,0.0001,0.01,-1,500,5,Experiment Path: ./logs/Concrete_Compressive_Strength/seed_5/voronoi/softlabelbased/20240926-184734,0.07767,0.03680
50,0.001,0.0001,0.01,256,150,7,Experiment Path: ./logs/Concrete_Compressive_Strength/seed_7/voronoi/softlabelbased/20240926-185048,0.96117,1.21102
50,0.001,0.0001,0.01,256,150,7,Experiment Path: ./logs/Concrete_Compressive_Strength/seed_7/voronoi/softlabelbased/20240926-185048,0.54369,0.27796
50,0.001,0.0001,0.01,256,150,7,Experiment Path: ./logs/Concrete_Compressive_Strength/seed_7/voronoi/softlabelbased/20240926-185048,0.15534,0.05664
50,0.001,0.0001,0.01,-1,500,6,Experiment Path: ./logs/Concrete_Compressive_Strength/seed_6/voronoi/softlabelbased/20240926-184854,0.96117,1.44250
50,0.001,0.0001,0.01,-1,500,6,Experiment Path: ./logs/Concrete_Compressive_Strength/seed_6/voronoi/softlabelbased/20240926-184854,0.56311,0.40323
50,0.001,0.0001,0.01,-1,500,6,Experiment Path: ./logs/Concrete_Compressive_Strength/seed_6/voronoi/softlabelbased/20240926-184854,0.08738,0.04120
50,0.001,0.0001,0.01,-1,500,7,Experiment Path: ./logs/Concrete_Compressive_Strength/seed_7/voronoi/softlabelbased/20240926-184853,0.96117,1.39681
50,0.001,0.0001,0.01,-1,500,7,Experiment Path: ./logs/Concrete_Compressive_Strength/seed_7/voronoi/softlabelbased/20240926-184853,0.49515,0.28999
50,0.001,0.0001,0.01,-1,500,7,Experiment Path: ./logs/Concrete_Compressive_Strength/seed_7/voronoi/softlabelbased/20240926-184853,0.05825,0.03143
50,0.001,0.0001,0.01,-1,500,8,Experiment Path: ./logs/Concrete_Compressive_Strength/seed_8/voronoi/softlabelbased/20240926-184853,0.88350,1.13560
50,0.001,0.0001,0.01,-1,500,8,Experiment Path: ./logs/Concrete_Compressive_Strength/seed_8/voronoi/softlabelbased/20240926-184853,0.63107,0.44454
50,0.001,0.0001,0.01,-1,500,8,Experiment Path: ./logs/Concrete_Compressive_Strength/seed_8/voronoi/softlabelbased/20240926-184853,0.12621,0.06018
50,0.001,0.0001,0.01,-1,500,9,Experiment Path: ./logs/Concrete_Compressive_Strength/seed_9/voronoi/softlabelbased/20240926-184856,0.95146,1.63435
50,0.001,0.0001,0.01,-1,500,9,Experiment Path: ./logs/Concrete_Compressive_Strength/seed_9/voronoi/softlabelbased/20240926-184856,0.38835,0.27058
50,0.001,0.0001,0.01,-1,500,9,Experiment Path: ./logs/Concrete_Compressive_Strength/seed_9/voronoi/softlabelbased/20240926-184856,0.08738,0.04221
50,0.001,0.0001,0.01,256,150,8,Experiment Path: ./logs/Concrete_Compressive_Strength/seed_8/voronoi/softlabelbased/20240926-185143,0.96117,1.20661
50,0.001,0.0001,0.01,256,150,8,Experiment Path: ./logs/Concrete_Compressive_Strength/seed_8/voronoi/softlabelbased/20240926-185143,0.63107,0.40184
50,0.001,0.0001,0.01,256,150,8,Experiment Path: ./logs/Concrete_Compressive_Strength/seed_8/voronoi/softlabelbased/20240926-185143,0.20388,0.07280
50,0.001,0.0001,0.01,256,150,9,Experiment Path: ./logs/Concrete_Compressive_Strength/seed_9/voronoi/softlabelbased/20240926-185149,0.95146,1.36041
50,0.001,0.0001,0.01,256,150,9,Experiment Path: ./logs/Concrete_Compressive_Strength/seed_9/voronoi/softlabelbased/20240926-185149,0.40777,0.29612
50,0.001,0.0001,0.01,256,150,9,Experiment Path: ./logs/Concrete_Compressive_Strength/seed_9/voronoi/softlabelbased/20240926-185149,0.02913,0.03612
50,0.001,0.0001,0.01,256,300,0,Experiment Path: ./logs/Concrete_Compressive_Strength/seed_0/voronoi/softlabelbased/20240926-185155,0.92233,1.16269
50,0.001,0.0001,0.01,256,300,0,Experiment Path: ./logs/Concrete_Compressive_Strength/seed_0/voronoi/softlabelbased/20240926-185155,0.59223,0.35603
50,0.001,0.0001,0.01,256,300,0,Experiment Path: ./logs/Concrete_Compressive_Strength/seed_0/voronoi/softlabelbased/20240926-185155,0.15534,0.04799
50,0.001,0.0001,0.01,256,300,1,Experiment Path: ./logs/Concrete_Compressive_Strength/seed_1/voronoi/softlabelbased/20240926-185155,0.89320,1.25106
50,0.001,0.0001,0.01,256,300,1,Experiment Path: ./logs/Concrete_Compressive_Strength/seed_1/voronoi/softlabelbased/20240926-185155,0.56311,0.35619
50,0.001,0.0001,0.01,256,300,1,Experiment Path: ./logs/Concrete_Compressive_Strength/seed_1/voronoi/softlabelbased/20240926-185155,0.14563,0.05030
50,0.001,0.0001,0.01,256,300,2,Experiment Path: ./logs/Concrete_Compressive_Strength/seed_2/voronoi/softlabelbased/20240926-185206,0.92233,1.20096
50,0.001,0.0001,0.01,256,300,2,Experiment Path: ./logs/Concrete_Compressive_Strength/seed_2/voronoi/softlabelbased/20240926-185206,0.48544,0.28878
50,0.001,0.0001,0.01,256,300,2,Experiment Path: ./logs/Concrete_Compressive_Strength/seed_2/voronoi/softlabelbased/20240926-185206,0.15534,0.03781
50,0.001,0.0001,0.01,256,300,6,Experiment Path: ./logs/Concrete_Compressive_Strength/seed_6/voronoi/softlabelbased/20240926-185214,0.96117,1.29785
50,0.001,0.0001,0.01,256,300,6,Experiment Path: ./logs/Concrete_Compressive_Strength/seed_6/voronoi/softlabelbased/20240926-185214,0.51456,0.35475
50,0.001,0.0001,0.01,256,300,6,Experiment Path: ./logs/Concrete_Compressive_Strength/seed_6/voronoi/softlabelbased/20240926-185214,0.03883,0.01671
50,0.001,0.0001,0.01,256,300,4,Experiment Path: ./logs/Concrete_Compressive_Strength/seed_4/voronoi/softlabelbased/20240926-185214,0.94175,1.21489
50,0.001,0.0001,0.01,256,300,4,Experiment Path: ./logs/Concrete_Compressive_Strength/seed_4/voronoi/softlabelbased/20240926-185214,0.42718,0.23826
50,0.001,0.0001,0.01,256,300,4,Experiment Path: ./logs/Concrete_Compressive_Strength/seed_4/voronoi/softlabelbased/20240926-185214,0.07767,0.03932
50,0.001,0.0001,0.01,256,300,3,Experiment Path: ./logs/Concrete_Compressive_Strength/seed_3/voronoi/softlabelbased/20240926-185209,0.97087,1.30181
50,0.001,0.0001,0.01,256,300,3,Experiment Path: ./logs/Concrete_Compressive_Strength/seed_3/voronoi/softlabelbased/20240926-185209,0.66019,0.37432
50,0.001,0.0001,0.01,256,300,3,Experiment Path: ./logs/Concrete_Compressive_Strength/seed_3/voronoi/softlabelbased/20240926-185209,0.10680,0.04344
50,0.001,0.0001,0.01,256,300,5,Experiment Path: ./logs/Concrete_Compressive_Strength/seed_5/voronoi/softlabelbased/20240926-185213,0.87379,0.96032
50,0.001,0.0001,0.01,256,300,5,Experiment Path: ./logs/Concrete_Compressive_Strength/seed_5/voronoi/softlabelbased/20240926-185213,0.47573,0.26781
50,0.001,0.0001,0.01,256,300,5,Experiment Path: ./logs/Concrete_Compressive_Strength/seed_5/voronoi/softlabelbased/20240926-185213,0.12621,0.02242
50,0.001,0.0001,0.01,256,300,7,Experiment Path: ./logs/Concrete_Compressive_Strength/seed_7/voronoi/softlabelbased/20240926-185215,0.96117,1.32126
50,0.001,0.0001,0.01,256,300,7,Experiment Path: ./logs/Concrete_Compressive_Strength/seed_7/voronoi/softlabelbased/20240926-185215,0.52427,0.30715
50,0.001,0.0001,0.01,256,300,7,Experiment Path: ./logs/Concrete_Compressive_Strength/seed_7/voronoi/softlabelbased/20240926-185215,0.07767,0.02372
50,0.001,0.0001,0.01,256,300,8,Experiment Path: ./logs/Concrete_Compressive_Strength/seed_8/voronoi/softlabelbased/20240926-185218,0.97087,1.19585
50,0.001,0.0001,0.01,256,300,8,Experiment Path: ./logs/Concrete_Compressive_Strength/seed_8/voronoi/softlabelbased/20240926-185218,0.60194,0.31953
50,0.001,0.0001,0.01,256,300,8,Experiment Path: ./logs/Concrete_Compressive_Strength/seed_8/voronoi/softlabelbased/20240926-185218,0.14563,0.03728
50,0.001,0.0001,0.01,256,300,9,Experiment Path: ./logs/Concrete_Compressive_Strength/seed_9/voronoi/softlabelbased/20240926-185240,0.91262,1.12816
50,0.001,0.0001,0.01,256,300,9,Experiment Path: ./logs/Concrete_Compressive_Strength/seed_9/voronoi/softlabelbased/20240926-185240,0.35922,0.26370
50,0.001,0.0001,0.01,256,300,9,Experiment Path: ./logs/Concrete_Compressive_Strength/seed_9/voronoi/softlabelbased/20240926-185240,0.09709,0.03296
50,0.001,0.0001,0.002,-1,150,2,Experiment Path: ./logs/Concrete_Compressive_Strength/seed_2/voronoi/softlabelbased/20240926-185515,0.91262,1.14783
50,0.001,0.0001,0.002,-1,150,2,Experiment Path: ./logs/Concrete_Compressive_Strength/seed_2/voronoi/softlabelbased/20240926-185515,0.59223,0.51131
50,0.001,0.0001,0.002,-1,150,2,Experiment Path: ./logs/Concrete_Compressive_Strength/seed_2/voronoi/softlabelbased/20240926-185515,0.14563,0.07850
50,0.001,0.0001,0.002,-1,150,0,Experiment Path: ./logs/Concrete_Compressive_Strength/seed_0/voronoi/softlabelbased/20240926-185511,0.89320,1.26585
50,0.001,0.0001,0.002,-1,150,0,Experiment Path: ./logs/Concrete_Compressive_Strength/seed_0/voronoi/softlabelbased/20240926-185511,0.60194,0.45131
50,0.001,0.0001,0.002,-1,150,0,Experiment Path: ./logs/Concrete_Compressive_Strength/seed_0/voronoi/softlabelbased/20240926-185511,0.09709,0.05618
50,0.001,0.0001,0.002,-1,150,1,Experiment Path: ./logs/Concrete_Compressive_Strength/seed_1/voronoi/softlabelbased/20240926-185513,0.89320,1.30223
50,0.001,0.0001,0.002,-1,150,1,Experiment Path: ./logs/Concrete_Compressive_Strength/seed_1/voronoi/softlabelbased/20240926-185513,0.54369,0.46503
50,0.001,0.0001,0.002,-1,150,1,Experiment Path: ./logs/Concrete_Compressive_Strength/seed_1/voronoi/softlabelbased/20240926-185513,0.10680,0.08095
50,0.001,0.0001,0.002,-1,150,3,Experiment Path: ./logs/Concrete_Compressive_Strength/seed_3/voronoi/softlabelbased/20240926-185520,0.93204,1.10347
50,0.001,0.0001,0.002,-1,150,3,Experiment Path: ./logs/Concrete_Compressive_Strength/seed_3/voronoi/softlabelbased/20240926-185520,0.57282,0.43100
50,0.001,0.0001,0.002,-1,150,3,Experiment Path: ./logs/Concrete_Compressive_Strength/seed_3/voronoi/softlabelbased/20240926-185520,0.12621,0.08360
50,0.001,0.0001,0.002,-1,150,4,Experiment Path: ./logs/Concrete_Compressive_Strength/seed_4/voronoi/softlabelbased/20240926-185526,0.89320,1.18586
50,0.001,0.0001,0.002,-1,150,4,Experiment Path: ./logs/Concrete_Compressive_Strength/seed_4/voronoi/softlabelbased/20240926-185526,0.40777,0.39695
50,0.001,0.0001,0.002,-1,150,4,Experiment Path: ./logs/Concrete_Compressive_Strength/seed_4/voronoi/softlabelbased/20240926-185526,0.18447,0.06649
50,0.001,0.0001,0.002,-1,150,5,Experiment Path: ./logs/Concrete_Compressive_Strength/seed_5/voronoi/softlabelbased/20240926-185554,0.92233,1.23073
50,0.001,0.0001,0.002,-1,150,5,Experiment Path: ./logs/Concrete_Compressive_Strength/seed_5/voronoi/softlabelbased/20240926-185554,0.56311,0.54197
50,0.001,0.0001,0.002,-1,150,5,Experiment Path: ./logs/Concrete_Compressive_Strength/seed_5/voronoi/softlabelbased/20240926-185554,0.15534,0.07532
50,0.001,0.0001,0.002,-1,150,9,Experiment Path: ./logs/Concrete_Compressive_Strength/seed_9/voronoi/softlabelbased/20240926-185639,0.96117,1.37952
50,0.001,0.0001,0.002,-1,150,9,Experiment Path: ./logs/Concrete_Compressive_Strength/seed_9/voronoi/softlabelbased/20240926-185639,0.56311,0.43990
50,0.001,0.0001,0.002,-1,150,9,Experiment Path: ./logs/Concrete_Compressive_Strength/seed_9/voronoi/softlabelbased/20240926-185639,0.12621,0.07470
50,0.001,0.0001,0.002,-1,150,7,Experiment Path: ./logs/Concrete_Compressive_Strength/seed_7/voronoi/softlabelbased/20240926-185639,0.86408,0.99040
50,0.001,0.0001,0.002,-1,150,7,Experiment Path: ./logs/Concrete_Compressive_Strength/seed_7/voronoi/softlabelbased/20240926-185639,0.45631,0.35694
50,0.001,0.0001,0.002,-1,150,7,Experiment Path: ./logs/Concrete_Compressive_Strength/seed_7/voronoi/softlabelbased/20240926-185639,0.09709,0.04855
50,0.001,0.0001,0.002,-1,150,6,Experiment Path: ./logs/Concrete_Compressive_Strength/seed_6/voronoi/softlabelbased/20240926-185637,0.95146,1.33935
50,0.001,0.0001,0.002,-1,150,6,Experiment Path: ./logs/Concrete_Compressive_Strength/seed_6/voronoi/softlabelbased/20240926-185637,0.57282,0.49526
50,0.001,0.0001,0.002,-1,150,6,Experiment Path: ./logs/Concrete_Compressive_Strength/seed_6/voronoi/softlabelbased/20240926-185637,0.09709,0.08682
50,0.001,0.0001,0.002,-1,150,8,Experiment Path: ./logs/Concrete_Compressive_Strength/seed_8/voronoi/softlabelbased/20240926-185637,0.92233,1.31970
50,0.001,0.0001,0.002,-1,150,8,Experiment Path: ./logs/Concrete_Compressive_Strength/seed_8/voronoi/softlabelbased/20240926-185637,0.56311,0.39928
50,0.001,0.0001,0.002,-1,150,8,Experiment Path: ./logs/Concrete_Compressive_Strength/seed_8/voronoi/softlabelbased/20240926-185637,0.14563,0.06061
50,0.001,0.0001,0.01,256,500,1,Experiment Path: ./logs/Concrete_Compressive_Strength/seed_1/voronoi/softlabelbased/20240926-185321,0.92233,1.30612
50,0.001,0.0001,0.01,256,500,1,Experiment Path: ./logs/Concrete_Compressive_Strength/seed_1/voronoi/softlabelbased/20240926-185321,0.46602,0.25220
50,0.001,0.0001,0.01,256,500,1,Experiment Path: ./logs/Concrete_Compressive_Strength/seed_1/voronoi/softlabelbased/20240926-185321,0.07767,0.04170
50,0.001,0.0001,0.01,256,500,3,Experiment Path: ./logs/Concrete_Compressive_Strength/seed_3/voronoi/softlabelbased/20240926-185331,0.97087,1.65356
50,0.001,0.0001,0.01,256,500,3,Experiment Path: ./logs/Concrete_Compressive_Strength/seed_3/voronoi/softlabelbased/20240926-185331,0.65049,0.42778
50,0.001,0.0001,0.01,256,500,3,Experiment Path: ./logs/Concrete_Compressive_Strength/seed_3/voronoi/softlabelbased/20240926-185331,0.12621,0.06353
50,0.001,0.0001,0.01,256,500,0,Experiment Path: ./logs/Concrete_Compressive_Strength/seed_0/voronoi/softlabelbased/20240926-185320,0.93204,1.46657
50,0.001,0.0001,0.01,256,500,0,Experiment Path: ./logs/Concrete_Compressive_Strength/seed_0/voronoi/softlabelbased/20240926-185320,0.53398,0.33388
50,0.001,0.0001,0.01,256,500,0,Experiment Path: ./logs/Concrete_Compressive_Strength/seed_0/voronoi/softlabelbased/20240926-185320,0.08738,0.03098
50,0.001,0.0001,0.01,256,500,5,Experiment Path: ./logs/Concrete_Compressive_Strength/seed_5/voronoi/softlabelbased/20240926-185339,0.88350,1.16928
50,0.001,0.0001,0.01,256,500,5,Experiment Path: ./logs/Concrete_Compressive_Strength/seed_5/voronoi/softlabelbased/20240926-185339,0.53398,0.24784
50,0.001,0.0001,0.01,256,500,5,Experiment Path: ./logs/Concrete_Compressive_Strength/seed_5/voronoi/softlabelbased/20240926-185339,0.11650,0.04436
50,0.001,0.0001,0.01,256,500,4,Experiment Path: ./logs/Concrete_Compressive_Strength/seed_4/voronoi/softlabelbased/20240926-185337,0.90291,1.22920
50,0.001,0.0001,0.01,256,500,4,Experiment Path: ./logs/Concrete_Compressive_Strength/seed_4/voronoi/softlabelbased/20240926-185337,0.48544,0.28177
50,0.001,0.0001,0.01,256,500,4,Experiment Path: ./logs/Concrete_Compressive_Strength/seed_4/voronoi/softlabelbased/20240926-185337,0.15534,0.05156
50,0.001,0.0001,0.01,256,500,2,Experiment Path: ./logs/Concrete_Compressive_Strength/seed_2/voronoi/softlabelbased/20240926-185324,0.94175,1.41347
50,0.001,0.0001,0.01,256,500,2,Experiment Path: ./logs/Concrete_Compressive_Strength/seed_2/voronoi/softlabelbased/20240926-185324,0.43689,0.30770
50,0.001,0.0001,0.01,256,500,2,Experiment Path: ./logs/Concrete_Compressive_Strength/seed_2/voronoi/softlabelbased/20240926-185324,0.05825,0.03176
50,0.001,0.0001,0.002,-1,300,0,Experiment Path: ./logs/Concrete_Compressive_Strength/seed_0/voronoi/softlabelbased/20240926-185645,0.94175,1.30692
50,0.001,0.0001,0.002,-1,300,0,Experiment Path: ./logs/Concrete_Compressive_Strength/seed_0/voronoi/softlabelbased/20240926-185645,0.40777,0.35458
50,0.001,0.0001,0.002,-1,300,0,Experiment Path: ./logs/Concrete_Compressive_Strength/seed_0/voronoi/softlabelbased/20240926-185645,0.07767,0.07078
50,0.001,0.0001,0.002,-1,300,1,Experiment Path: ./logs/Concrete_Compressive_Strength/seed_1/voronoi/softlabelbased/20240926-185711,0.95146,1.43484
50,0.001,0.0001,0.002,-1,300,1,Experiment Path: ./logs/Concrete_Compressive_Strength/seed_1/voronoi/softlabelbased/20240926-185711,0.60194,0.47319
50,0.001,0.0001,0.002,-1,300,1,Experiment Path: ./logs/Concrete_Compressive_Strength/seed_1/voronoi/softlabelbased/20240926-185711,0.10680,0.09949
50,0.001,0.0001,0.01,256,500,6,Experiment Path: ./logs/Concrete_Compressive_Strength/seed_6/voronoi/softlabelbased/20240926-185457,0.96117,1.56952
50,0.001,0.0001,0.01,256,500,6,Experiment Path: ./logs/Concrete_Compressive_Strength/seed_6/voronoi/softlabelbased/20240926-185457,0.58252,0.34339
50,0.001,0.0001,0.01,256,500,6,Experiment Path: ./logs/Concrete_Compressive_Strength/seed_6/voronoi/softlabelbased/20240926-185457,0.18447,0.04359
50,0.001,0.0001,0.01,256,500,8,Experiment Path: ./logs/Concrete_Compressive_Strength/seed_8/voronoi/softlabelbased/20240926-185511,0.93204,1.30178
50,0.001,0.0001,0.01,256,500,8,Experiment Path: ./logs/Concrete_Compressive_Strength/seed_8/voronoi/softlabelbased/20240926-185511,0.66019,0.37767
50,0.001,0.0001,0.01,256,500,8,Experiment Path: ./logs/Concrete_Compressive_Strength/seed_8/voronoi/softlabelbased/20240926-185511,0.11650,0.05331
50,0.001,0.0001,0.01,256,500,7,Experiment Path: ./logs/Concrete_Compressive_Strength/seed_7/voronoi/softlabelbased/20240926-185459,0.97087,1.42838
50,0.001,0.0001,0.01,256,500,7,Experiment Path: ./logs/Concrete_Compressive_Strength/seed_7/voronoi/softlabelbased/20240926-185459,0.59223,0.31653
50,0.001,0.0001,0.01,256,500,7,Experiment Path: ./logs/Concrete_Compressive_Strength/seed_7/voronoi/softlabelbased/20240926-185459,0.17476,0.04230
50,0.001,0.0001,0.002,-1,300,3,Experiment Path: ./logs/Concrete_Compressive_Strength/seed_3/voronoi/softlabelbased/20240926-185753,0.91262,1.13824
50,0.001,0.0001,0.002,-1,300,3,Experiment Path: ./logs/Concrete_Compressive_Strength/seed_3/voronoi/softlabelbased/20240926-185753,0.58252,0.39159
50,0.001,0.0001,0.002,-1,300,3,Experiment Path: ./logs/Concrete_Compressive_Strength/seed_3/voronoi/softlabelbased/20240926-185753,0.14563,0.06647
50,0.001,0.0001,0.01,256,500,9,Experiment Path: ./logs/Concrete_Compressive_Strength/seed_9/voronoi/softlabelbased/20240926-185511,0.93204,1.50940
50,0.001,0.0001,0.01,256,500,9,Experiment Path: ./logs/Concrete_Compressive_Strength/seed_9/voronoi/softlabelbased/20240926-185511,0.35922,0.23126
50,0.001,0.0001,0.01,256,500,9,Experiment Path: ./logs/Concrete_Compressive_Strength/seed_9/voronoi/softlabelbased/20240926-185511,0.06796,0.02557
50,0.001,0.0001,0.002,-1,300,2,Experiment Path: ./logs/Concrete_Compressive_Strength/seed_2/voronoi/softlabelbased/20240926-185750,0.87379,1.21192
50,0.001,0.0001,0.002,-1,300,2,Experiment Path: ./logs/Concrete_Compressive_Strength/seed_2/voronoi/softlabelbased/20240926-185750,0.47573,0.44738
50,0.001,0.0001,0.002,-1,300,2,Experiment Path: ./logs/Concrete_Compressive_Strength/seed_2/voronoi/softlabelbased/20240926-185750,0.13592,0.08140
50,0.001,0.0001,0.002,-1,300,4,Experiment Path: ./logs/Concrete_Compressive_Strength/seed_4/voronoi/softlabelbased/20240926-185752,0.88350,1.26621
50,0.001,0.0001,0.002,-1,300,4,Experiment Path: ./logs/Concrete_Compressive_Strength/seed_4/voronoi/softlabelbased/20240926-185752,0.52427,0.38666
50,0.001,0.0001,0.002,-1,300,4,Experiment Path: ./logs/Concrete_Compressive_Strength/seed_4/voronoi/softlabelbased/20240926-185752,0.08738,0.04664
50,0.001,0.0001,0.002,-1,300,5,Experiment Path: ./logs/Concrete_Compressive_Strength/seed_5/voronoi/softlabelbased/20240926-185754,0.83495,1.08200
50,0.001,0.0001,0.002,-1,300,5,Experiment Path: ./logs/Concrete_Compressive_Strength/seed_5/voronoi/softlabelbased/20240926-185754,0.42718,0.35130
50,0.001,0.0001,0.002,-1,300,5,Experiment Path: ./logs/Concrete_Compressive_Strength/seed_5/voronoi/softlabelbased/20240926-185754,0.09709,0.03358
50,0.001,0.0001,0.002,-1,300,6,Experiment Path: ./logs/Concrete_Compressive_Strength/seed_6/voronoi/softlabelbased/20240926-185816,0.98058,1.46599
50,0.001,0.0001,0.002,-1,300,6,Experiment Path: ./logs/Concrete_Compressive_Strength/seed_6/voronoi/softlabelbased/20240926-185816,0.58252,0.50310
50,0.001,0.0001,0.002,-1,300,6,Experiment Path: ./logs/Concrete_Compressive_Strength/seed_6/voronoi/softlabelbased/20240926-185816,0.06796,0.04324
50,0.001,0.0001,0.002,-1,300,7,Experiment Path: ./logs/Concrete_Compressive_Strength/seed_7/voronoi/softlabelbased/20240926-185830,0.91262,1.08166
50,0.001,0.0001,0.002,-1,300,7,Experiment Path: ./logs/Concrete_Compressive_Strength/seed_7/voronoi/softlabelbased/20240926-185830,0.44660,0.31454
50,0.001,0.0001,0.002,-1,300,7,Experiment Path: ./logs/Concrete_Compressive_Strength/seed_7/voronoi/softlabelbased/20240926-185830,0.08738,0.06601
50,0.001,0.0001,0.002,-1,300,8,Experiment Path: ./logs/Concrete_Compressive_Strength/seed_8/voronoi/softlabelbased/20240926-185832,0.93204,1.19813
50,0.001,0.0001,0.002,-1,300,8,Experiment Path: ./logs/Concrete_Compressive_Strength/seed_8/voronoi/softlabelbased/20240926-185832,0.61165,0.42836
50,0.001,0.0001,0.002,-1,300,8,Experiment Path: ./logs/Concrete_Compressive_Strength/seed_8/voronoi/softlabelbased/20240926-185832,0.18447,0.11359
50,0.001,0.0001,0.002,-1,300,9,Experiment Path: ./logs/Concrete_Compressive_Strength/seed_9/voronoi/softlabelbased/20240926-185838,0.91262,1.25168
50,0.001,0.0001,0.002,-1,300,9,Experiment Path: ./logs/Concrete_Compressive_Strength/seed_9/voronoi/softlabelbased/20240926-185838,0.59223,0.42323
50,0.001,0.0001,0.002,-1,300,9,Experiment Path: ./logs/Concrete_Compressive_Strength/seed_9/voronoi/softlabelbased/20240926-185838,0.12621,0.05694
50,0.001,0.0001,0.002,256,150,1,Experiment Path: ./logs/Concrete_Compressive_Strength/seed_1/voronoi/softlabelbased/20240926-190019,0.92233,1.22513
50,0.001,0.0001,0.002,256,150,1,Experiment Path: ./logs/Concrete_Compressive_Strength/seed_1/voronoi/softlabelbased/20240926-190019,0.48544,0.32339
50,0.001,0.0001,0.002,256,150,1,Experiment Path: ./logs/Concrete_Compressive_Strength/seed_1/voronoi/softlabelbased/20240926-190019,0.10680,0.05978
50,0.001,0.0001,0.002,256,150,0,Experiment Path: ./logs/Concrete_Compressive_Strength/seed_0/voronoi/softlabelbased/20240926-190019,0.95146,1.15895
50,0.001,0.0001,0.002,256,150,0,Experiment Path: ./logs/Concrete_Compressive_Strength/seed_0/voronoi/softlabelbased/20240926-190019,0.59223,0.36497
50,0.001,0.0001,0.002,256,150,0,Experiment Path: ./logs/Concrete_Compressive_Strength/seed_0/voronoi/softlabelbased/20240926-190019,0.10680,0.04784
50,0.001,0.0001,0.002,256,150,3,Experiment Path: ./logs/Concrete_Compressive_Strength/seed_3/voronoi/softlabelbased/20240926-190051,0.94175,1.13523
50,0.001,0.0001,0.002,256,150,3,Experiment Path: ./logs/Concrete_Compressive_Strength/seed_3/voronoi/softlabelbased/20240926-190051,0.48544,0.33721
50,0.001,0.0001,0.002,256,150,3,Experiment Path: ./logs/Concrete_Compressive_Strength/seed_3/voronoi/softlabelbased/20240926-190051,0.10680,0.05148
50,0.001,0.0001,0.002,256,150,2,Experiment Path: ./logs/Concrete_Compressive_Strength/seed_2/voronoi/softlabelbased/20240926-190046,0.92233,1.11142
50,0.001,0.0001,0.002,256,150,2,Experiment Path: ./logs/Concrete_Compressive_Strength/seed_2/voronoi/softlabelbased/20240926-190046,0.40777,0.23991
50,0.001,0.0001,0.002,256,150,2,Experiment Path: ./logs/Concrete_Compressive_Strength/seed_2/voronoi/softlabelbased/20240926-190046,0.10680,0.03587
50,0.001,0.0001,0.002,256,150,4,Experiment Path: ./logs/Concrete_Compressive_Strength/seed_4/voronoi/softlabelbased/20240926-190111,0.92233,1.08779
50,0.001,0.0001,0.002,256,150,4,Experiment Path: ./logs/Concrete_Compressive_Strength/seed_4/voronoi/softlabelbased/20240926-190111,0.49515,0.26200
50,0.001,0.0001,0.002,256,150,4,Experiment Path: ./logs/Concrete_Compressive_Strength/seed_4/voronoi/softlabelbased/20240926-190111,0.13592,0.03967
50,0.001,0.0001,0.002,256,150,5,Experiment Path: ./logs/Concrete_Compressive_Strength/seed_5/voronoi/softlabelbased/20240926-190123,0.86408,0.88613
50,0.001,0.0001,0.002,256,150,5,Experiment Path: ./logs/Concrete_Compressive_Strength/seed_5/voronoi/softlabelbased/20240926-190123,0.44660,0.31188
50,0.001,0.0001,0.002,256,150,5,Experiment Path: ./logs/Concrete_Compressive_Strength/seed_5/voronoi/softlabelbased/20240926-190123,0.05825,0.01608
50,0.001,0.0001,0.002,-1,500,0,Experiment Path: ./logs/Concrete_Compressive_Strength/seed_0/voronoi/softlabelbased/20240926-185847,0.94175,1.72992
50,0.001,0.0001,0.002,-1,500,0,Experiment Path: ./logs/Concrete_Compressive_Strength/seed_0/voronoi/softlabelbased/20240926-185847,0.62136,0.34383
50,0.001,0.0001,0.002,-1,500,0,Experiment Path: ./logs/Concrete_Compressive_Strength/seed_0/voronoi/softlabelbased/20240926-185847,0.30097,0.07817
50,0.001,0.0001,0.002,-1,500,1,Experiment Path: ./logs/Concrete_Compressive_Strength/seed_1/voronoi/softlabelbased/20240926-185848,0.94175,1.78690
50,0.001,0.0001,0.002,-1,500,1,Experiment Path: ./logs/Concrete_Compressive_Strength/seed_1/voronoi/softlabelbased/20240926-185848,0.64078,0.42246
50,0.001,0.0001,0.002,-1,500,1,Experiment Path: ./logs/Concrete_Compressive_Strength/seed_1/voronoi/softlabelbased/20240926-185848,0.10680,0.05231
50,0.001,0.0001,0.002,-1,500,2,Experiment Path: ./logs/Concrete_Compressive_Strength/seed_2/voronoi/softlabelbased/20240926-185855,0.91262,1.45265
50,0.001,0.0001,0.002,-1,500,2,Experiment Path: ./logs/Concrete_Compressive_Strength/seed_2/voronoi/softlabelbased/20240926-185855,0.46602,0.32481
50,0.001,0.0001,0.002,-1,500,2,Experiment Path: ./logs/Concrete_Compressive_Strength/seed_2/voronoi/softlabelbased/20240926-185855,0.05825,0.04361
50,0.001,0.0001,0.002,256,150,7,Experiment Path: ./logs/Concrete_Compressive_Strength/seed_7/voronoi/softlabelbased/20240926-190218,0.95146,1.19210
50,0.001,0.0001,0.002,256,150,7,Experiment Path: ./logs/Concrete_Compressive_Strength/seed_7/voronoi/softlabelbased/20240926-190218,0.46602,0.29558
50,0.001,0.0001,0.002,256,150,7,Experiment Path: ./logs/Concrete_Compressive_Strength/seed_7/voronoi/softlabelbased/20240926-190218,0.08738,0.04296
50,0.001,0.0001,0.002,256,150,6,Experiment Path: ./logs/Concrete_Compressive_Strength/seed_6/voronoi/softlabelbased/20240926-190217,0.89320,1.06139
50,0.001,0.0001,0.002,256,150,6,Experiment Path: ./logs/Concrete_Compressive_Strength/seed_6/voronoi/softlabelbased/20240926-190217,0.61165,0.42179
50,0.001,0.0001,0.002,256,150,6,Experiment Path: ./logs/Concrete_Compressive_Strength/seed_6/voronoi/softlabelbased/20240926-190217,0.18447,0.06589
50,0.001,0.0001,0.002,-1,500,3,Experiment Path: ./logs/Concrete_Compressive_Strength/seed_3/voronoi/softlabelbased/20240926-185925,0.97087,1.48957
50,0.001,0.0001,0.002,-1,500,3,Experiment Path: ./logs/Concrete_Compressive_Strength/seed_3/voronoi/softlabelbased/20240926-185925,0.54369,0.36846
50,0.001,0.0001,0.002,-1,500,3,Experiment Path: ./logs/Concrete_Compressive_Strength/seed_3/voronoi/softlabelbased/20240926-185925,0.08738,0.02463
50,0.001,0.0001,0.002,256,150,8,Experiment Path: ./logs/Concrete_Compressive_Strength/seed_8/voronoi/softlabelbased/20240926-190245,0.96117,1.13295
50,0.001,0.0001,0.002,256,150,8,Experiment Path: ./logs/Concrete_Compressive_Strength/seed_8/voronoi/softlabelbased/20240926-190245,0.69903,0.43693
50,0.001,0.0001,0.002,256,150,8,Experiment Path: ./logs/Concrete_Compressive_Strength/seed_8/voronoi/softlabelbased/20240926-190245,0.25243,0.08530
50,0.001,0.0001,0.002,256,150,9,Experiment Path: ./logs/Concrete_Compressive_Strength/seed_9/voronoi/softlabelbased/20240926-190248,0.93204,1.19973
50,0.001,0.0001,0.002,256,150,9,Experiment Path: ./logs/Concrete_Compressive_Strength/seed_9/voronoi/softlabelbased/20240926-190248,0.48544,0.37911
50,0.001,0.0001,0.002,256,150,9,Experiment Path: ./logs/Concrete_Compressive_Strength/seed_9/voronoi/softlabelbased/20240926-190248,0.05825,0.02732
50,0.001,0.0001,0.002,-1,500,4,Experiment Path: ./logs/Concrete_Compressive_Strength/seed_4/voronoi/softlabelbased/20240926-185955,0.90291,1.28792
50,0.001,0.0001,0.002,-1,500,4,Experiment Path: ./logs/Concrete_Compressive_Strength/seed_4/voronoi/softlabelbased/20240926-185955,0.63107,0.41655
50,0.001,0.0001,0.002,-1,500,4,Experiment Path: ./logs/Concrete_Compressive_Strength/seed_4/voronoi/softlabelbased/20240926-185955,0.06796,0.05144
50,0.001,0.0001,0.002,-1,500,6,Experiment Path: ./logs/Concrete_Compressive_Strength/seed_6/voronoi/softlabelbased/20240926-190006,0.96117,1.54452
50,0.001,0.0001,0.002,-1,500,6,Experiment Path: ./logs/Concrete_Compressive_Strength/seed_6/voronoi/softlabelbased/20240926-190006,0.49515,0.37025
50,0.001,0.0001,0.002,-1,500,6,Experiment Path: ./logs/Concrete_Compressive_Strength/seed_6/voronoi/softlabelbased/20240926-190006,0.18447,0.06610
50,0.001,0.0001,0.002,-1,500,8,Experiment Path: ./logs/Concrete_Compressive_Strength/seed_8/voronoi/softlabelbased/20240926-190016,0.93204,1.62194
50,0.001,0.0001,0.002,-1,500,8,Experiment Path: ./logs/Concrete_Compressive_Strength/seed_8/voronoi/softlabelbased/20240926-190016,0.65049,0.51871
50,0.001,0.0001,0.002,-1,500,8,Experiment Path: ./logs/Concrete_Compressive_Strength/seed_8/voronoi/softlabelbased/20240926-190016,0.12621,0.04887
50,0.001,0.0001,0.002,-1,500,7,Experiment Path: ./logs/Concrete_Compressive_Strength/seed_7/voronoi/softlabelbased/20240926-190012,0.87379,1.06135
50,0.001,0.0001,0.002,-1,500,7,Experiment Path: ./logs/Concrete_Compressive_Strength/seed_7/voronoi/softlabelbased/20240926-190012,0.54369,0.32185
50,0.001,0.0001,0.002,-1,500,7,Experiment Path: ./logs/Concrete_Compressive_Strength/seed_7/voronoi/softlabelbased/20240926-190012,0.06796,0.02295
50,0.001,0.0001,0.002,-1,500,9,Experiment Path: ./logs/Concrete_Compressive_Strength/seed_9/voronoi/softlabelbased/20240926-190016,0.91262,1.62854
50,0.001,0.0001,0.002,-1,500,9,Experiment Path: ./logs/Concrete_Compressive_Strength/seed_9/voronoi/softlabelbased/20240926-190016,0.41748,0.30968
50,0.001,0.0001,0.002,-1,500,9,Experiment Path: ./logs/Concrete_Compressive_Strength/seed_9/voronoi/softlabelbased/20240926-190016,0.10680,0.08370
50,0.001,0.0001,0.002,-1,500,5,Experiment Path: ./logs/Concrete_Compressive_Strength/seed_5/voronoi/softlabelbased/20240926-190002,0.86408,1.20288
50,0.001,0.0001,0.002,-1,500,5,Experiment Path: ./logs/Concrete_Compressive_Strength/seed_5/voronoi/softlabelbased/20240926-190002,0.48544,0.34790
50,0.001,0.0001,0.002,-1,500,5,Experiment Path: ./logs/Concrete_Compressive_Strength/seed_5/voronoi/softlabelbased/20240926-190002,0.11650,0.05604
50,0.001,0.0001,0.002,256,300,0,Experiment Path: ./logs/Concrete_Compressive_Strength/seed_0/voronoi/softlabelbased/20240926-190258,0.96117,1.35477
50,0.001,0.0001,0.002,256,300,0,Experiment Path: ./logs/Concrete_Compressive_Strength/seed_0/voronoi/softlabelbased/20240926-190258,0.60194,0.36960
50,0.001,0.0001,0.002,256,300,0,Experiment Path: ./logs/Concrete_Compressive_Strength/seed_0/voronoi/softlabelbased/20240926-190258,0.24272,0.09983
50,0.001,0.0001,0.002,256,300,1,Experiment Path: ./logs/Concrete_Compressive_Strength/seed_1/voronoi/softlabelbased/20240926-190311,0.93204,1.26865
50,0.001,0.0001,0.002,256,300,1,Experiment Path: ./logs/Concrete_Compressive_Strength/seed_1/voronoi/softlabelbased/20240926-190311,0.55340,0.43775
50,0.001,0.0001,0.002,256,300,1,Experiment Path: ./logs/Concrete_Compressive_Strength/seed_1/voronoi/softlabelbased/20240926-190311,0.08738,0.06836
50,0.001,0.0001,0.002,256,300,2,Experiment Path: ./logs/Concrete_Compressive_Strength/seed_2/voronoi/softlabelbased/20240926-190331,0.92233,1.14129
50,0.001,0.0001,0.002,256,300,2,Experiment Path: ./logs/Concrete_Compressive_Strength/seed_2/voronoi/softlabelbased/20240926-190331,0.47573,0.34413
50,0.001,0.0001,0.002,256,300,2,Experiment Path: ./logs/Concrete_Compressive_Strength/seed_2/voronoi/softlabelbased/20240926-190331,0.12621,0.05032
50,0.001,0.0001,0.002,256,300,3,Experiment Path: ./logs/Concrete_Compressive_Strength/seed_3/voronoi/softlabelbased/20240926-190331,0.96117,1.32368
50,0.001,0.0001,0.002,256,300,3,Experiment Path: ./logs/Concrete_Compressive_Strength/seed_3/voronoi/softlabelbased/20240926-190331,0.62136,0.33500
50,0.001,0.0001,0.002,256,300,3,Experiment Path: ./logs/Concrete_Compressive_Strength/seed_3/voronoi/softlabelbased/20240926-190331,0.13592,0.06706
50,0.001,0.0001,0.002,256,300,4,Experiment Path: ./logs/Concrete_Compressive_Strength/seed_4/voronoi/softlabelbased/20240926-190348,0.91262,1.08972
50,0.001,0.0001,0.002,256,300,4,Experiment Path: ./logs/Concrete_Compressive_Strength/seed_4/voronoi/softlabelbased/20240926-190348,0.41748,0.27515
50,0.001,0.0001,0.002,256,300,4,Experiment Path: ./logs/Concrete_Compressive_Strength/seed_4/voronoi/softlabelbased/20240926-190348,0.03883,0.03272
50,0.001,0.0001,0.002,256,300,5,Experiment Path: ./logs/Concrete_Compressive_Strength/seed_5/voronoi/softlabelbased/20240926-190414,0.91262,1.05905
50,0.001,0.0001,0.002,256,300,5,Experiment Path: ./logs/Concrete_Compressive_Strength/seed_5/voronoi/softlabelbased/20240926-190414,0.44660,0.33156
50,0.001,0.0001,0.002,256,300,5,Experiment Path: ./logs/Concrete_Compressive_Strength/seed_5/voronoi/softlabelbased/20240926-190414,0.16505,0.06171
50,0.001,0.0001,0.002,256,300,6,Experiment Path: ./logs/Concrete_Compressive_Strength/seed_6/voronoi/softlabelbased/20240926-190417,0.95146,1.33163
50,0.001,0.0001,0.002,256,300,6,Experiment Path: ./logs/Concrete_Compressive_Strength/seed_6/voronoi/softlabelbased/20240926-190417,0.56311,0.39216
50,0.001,0.0001,0.002,256,300,6,Experiment Path: ./logs/Concrete_Compressive_Strength/seed_6/voronoi/softlabelbased/20240926-190417,0.19417,0.07401
50,0.001,0.0001,0.002,256,300,7,Experiment Path: ./logs/Concrete_Compressive_Strength/seed_7/voronoi/softlabelbased/20240926-190427,0.96117,1.38713
50,0.001,0.0001,0.002,256,300,7,Experiment Path: ./logs/Concrete_Compressive_Strength/seed_7/voronoi/softlabelbased/20240926-190427,0.56311,0.42459
50,0.001,0.0001,0.002,256,300,7,Experiment Path: ./logs/Concrete_Compressive_Strength/seed_7/voronoi/softlabelbased/20240926-190427,0.10680,0.05565
50,0.001,0.0001,0.002,256,300,8,Experiment Path: ./logs/Concrete_Compressive_Strength/seed_8/voronoi/softlabelbased/20240926-190443,0.97087,1.28370
50,0.001,0.0001,0.002,256,300,8,Experiment Path: ./logs/Concrete_Compressive_Strength/seed_8/voronoi/softlabelbased/20240926-190443,0.60194,0.36114
50,0.001,0.0001,0.002,256,300,8,Experiment Path: ./logs/Concrete_Compressive_Strength/seed_8/voronoi/softlabelbased/20240926-190443,0.25243,0.09125
50,0.001,0.0001,0.002,256,300,9,Experiment Path: ./logs/Concrete_Compressive_Strength/seed_9/voronoi/softlabelbased/20240926-190448,0.96117,1.18468
50,0.001,0.0001,0.002,256,300,9,Experiment Path: ./logs/Concrete_Compressive_Strength/seed_9/voronoi/softlabelbased/20240926-190448,0.46602,0.30276
50,0.001,0.0001,0.002,256,300,9,Experiment Path: ./logs/Concrete_Compressive_Strength/seed_9/voronoi/softlabelbased/20240926-190448,0.04854,0.04851
50,0.001,0.0001,0.001,-1,150,0,Experiment Path: ./logs/Concrete_Compressive_Strength/seed_0/voronoi/softlabelbased/20240926-190649,0.90291,1.26830
50,0.001,0.0001,0.001,-1,150,0,Experiment Path: ./logs/Concrete_Compressive_Strength/seed_0/voronoi/softlabelbased/20240926-190649,0.55340,0.39509
50,0.001,0.0001,0.001,-1,150,0,Experiment Path: ./logs/Concrete_Compressive_Strength/seed_0/voronoi/softlabelbased/20240926-190649,0.13592,0.07772
50,0.001,0.0001,0.001,-1,150,1,Experiment Path: ./logs/Concrete_Compressive_Strength/seed_1/voronoi/softlabelbased/20240926-190737,0.92233,1.42644
50,0.001,0.0001,0.001,-1,150,1,Experiment Path: ./logs/Concrete_Compressive_Strength/seed_1/voronoi/softlabelbased/20240926-190737,0.61165,0.51638
50,0.001,0.0001,0.001,-1,150,1,Experiment Path: ./logs/Concrete_Compressive_Strength/seed_1/voronoi/softlabelbased/20240926-190737,0.11650,0.07262
50,0.001,0.0001,0.001,-1,150,2,Experiment Path: ./logs/Concrete_Compressive_Strength/seed_2/voronoi/softlabelbased/20240926-190743,0.90291,1.06031
50,0.001,0.0001,0.001,-1,150,2,Experiment Path: ./logs/Concrete_Compressive_Strength/seed_2/voronoi/softlabelbased/20240926-190743,0.53398,0.39473
50,0.001,0.0001,0.001,-1,150,2,Experiment Path: ./logs/Concrete_Compressive_Strength/seed_2/voronoi/softlabelbased/20240926-190743,0.14563,0.05665
50,0.001,0.0001,0.001,-1,150,3,Experiment Path: ./logs/Concrete_Compressive_Strength/seed_3/voronoi/softlabelbased/20240926-190756,0.95146,1.20043
50,0.001,0.0001,0.001,-1,150,3,Experiment Path: ./logs/Concrete_Compressive_Strength/seed_3/voronoi/softlabelbased/20240926-190756,0.57282,0.40523
50,0.001,0.0001,0.001,-1,150,3,Experiment Path: ./logs/Concrete_Compressive_Strength/seed_3/voronoi/softlabelbased/20240926-190756,0.11650,0.06005
50,0.001,0.0001,0.001,-1,150,4,Experiment Path: ./logs/Concrete_Compressive_Strength/seed_4/voronoi/softlabelbased/20240926-190829,0.87379,1.17063
50,0.001,0.0001,0.001,-1,150,4,Experiment Path: ./logs/Concrete_Compressive_Strength/seed_4/voronoi/softlabelbased/20240926-190829,0.39806,0.30224
50,0.001,0.0001,0.001,-1,150,4,Experiment Path: ./logs/Concrete_Compressive_Strength/seed_4/voronoi/softlabelbased/20240926-190829,0.14563,0.04825
50,0.001,0.0001,0.001,-1,150,5,Experiment Path: ./logs/Concrete_Compressive_Strength/seed_5/voronoi/softlabelbased/20240926-190838,0.83495,1.08626
50,0.001,0.0001,0.001,-1,150,5,Experiment Path: ./logs/Concrete_Compressive_Strength/seed_5/voronoi/softlabelbased/20240926-190838,0.42718,0.35105
50,0.001,0.0001,0.001,-1,150,5,Experiment Path: ./logs/Concrete_Compressive_Strength/seed_5/voronoi/softlabelbased/20240926-190838,0.12621,0.05518
50,0.001,0.0001,0.001,-1,150,6,Experiment Path: ./logs/Concrete_Compressive_Strength/seed_6/voronoi/softlabelbased/20240926-190849,0.98058,1.37297
50,0.001,0.0001,0.001,-1,150,6,Experiment Path: ./logs/Concrete_Compressive_Strength/seed_6/voronoi/softlabelbased/20240926-190849,0.49515,0.41890
50,0.001,0.0001,0.001,-1,150,6,Experiment Path: ./logs/Concrete_Compressive_Strength/seed_6/voronoi/softlabelbased/20240926-190849,0.19417,0.09410
50,0.001,0.0001,0.001,-1,150,7,Experiment Path: ./logs/Concrete_Compressive_Strength/seed_7/voronoi/softlabelbased/20240926-190924,0.91262,1.06248
50,0.001,0.0001,0.001,-1,150,7,Experiment Path: ./logs/Concrete_Compressive_Strength/seed_7/voronoi/softlabelbased/20240926-190924,0.43689,0.32402
50,0.001,0.0001,0.001,-1,150,7,Experiment Path: ./logs/Concrete_Compressive_Strength/seed_7/voronoi/softlabelbased/20240926-190924,0.05825,0.04522
50,0.001,0.0001,0.001,-1,150,8,Experiment Path: ./logs/Concrete_Compressive_Strength/seed_8/voronoi/softlabelbased/20240926-190926,0.94175,1.44343
50,0.001,0.0001,0.001,-1,150,8,Experiment Path: ./logs/Concrete_Compressive_Strength/seed_8/voronoi/softlabelbased/20240926-190926,0.64078,0.50960
50,0.001,0.0001,0.001,-1,150,8,Experiment Path: ./logs/Concrete_Compressive_Strength/seed_8/voronoi/softlabelbased/20240926-190926,0.15534,0.05776
50,0.001,0.0001,0.001,-1,150,9,Experiment Path: ./logs/Concrete_Compressive_Strength/seed_9/voronoi/softlabelbased/20240926-190933,0.92233,1.39582
50,0.001,0.0001,0.001,-1,150,9,Experiment Path: ./logs/Concrete_Compressive_Strength/seed_9/voronoi/softlabelbased/20240926-190933,0.47573,0.46332
50,0.001,0.0001,0.001,-1,150,9,Experiment Path: ./logs/Concrete_Compressive_Strength/seed_9/voronoi/softlabelbased/20240926-190933,0.10680,0.08875
50,0.001,0.0001,0.002,256,500,0,Experiment Path: ./logs/Concrete_Compressive_Strength/seed_0/voronoi/softlabelbased/20240926-190454,0.93204,1.54893
50,0.001,0.0001,0.002,256,500,0,Experiment Path: ./logs/Concrete_Compressive_Strength/seed_0/voronoi/softlabelbased/20240926-190454,0.54369,0.33332
50,0.001,0.0001,0.002,256,500,0,Experiment Path: ./logs/Concrete_Compressive_Strength/seed_0/voronoi/softlabelbased/20240926-190454,0.09709,0.04349
50,0.001,0.0001,0.002,256,500,1,Experiment Path: ./logs/Concrete_Compressive_Strength/seed_1/voronoi/softlabelbased/20240926-190500,0.94175,1.33900
50,0.001,0.0001,0.002,256,500,1,Experiment Path: ./logs/Concrete_Compressive_Strength/seed_1/voronoi/softlabelbased/20240926-190500,0.57282,0.36916
50,0.001,0.0001,0.002,256,500,1,Experiment Path: ./logs/Concrete_Compressive_Strength/seed_1/voronoi/softlabelbased/20240926-190500,0.13592,0.07672
50,0.001,0.0001,0.002,256,500,2,Experiment Path: ./logs/Concrete_Compressive_Strength/seed_2/voronoi/softlabelbased/20240926-190508,0.91262,1.38651
50,0.001,0.0001,0.002,256,500,2,Experiment Path: ./logs/Concrete_Compressive_Strength/seed_2/voronoi/softlabelbased/20240926-190508,0.47573,0.27212
50,0.001,0.0001,0.002,256,500,2,Experiment Path: ./logs/Concrete_Compressive_Strength/seed_2/voronoi/softlabelbased/20240926-190508,0.03883,0.02645
50,0.001,0.0001,0.002,256,500,4,Experiment Path: ./logs/Concrete_Compressive_Strength/seed_4/voronoi/softlabelbased/20240926-190526,0.96117,1.49428
50,0.001,0.0001,0.002,256,500,4,Experiment Path: ./logs/Concrete_Compressive_Strength/seed_4/voronoi/softlabelbased/20240926-190526,0.43689,0.24733
50,0.001,0.0001,0.002,256,500,4,Experiment Path: ./logs/Concrete_Compressive_Strength/seed_4/voronoi/softlabelbased/20240926-190526,0.12621,0.03070
50,0.001,0.0001,0.002,256,500,3,Experiment Path: ./logs/Concrete_Compressive_Strength/seed_3/voronoi/softlabelbased/20240926-190516,0.97087,1.63248
50,0.001,0.0001,0.002,256,500,3,Experiment Path: ./logs/Concrete_Compressive_Strength/seed_3/voronoi/softlabelbased/20240926-190516,0.57282,0.26488
50,0.001,0.0001,0.002,256,500,3,Experiment Path: ./logs/Concrete_Compressive_Strength/seed_3/voronoi/softlabelbased/20240926-190516,0.10680,0.03135
50,0.001,0.0001,0.002,256,500,5,Experiment Path: ./logs/Concrete_Compressive_Strength/seed_5/voronoi/softlabelbased/20240926-190535,0.86408,0.92484
50,0.001,0.0001,0.002,256,500,5,Experiment Path: ./logs/Concrete_Compressive_Strength/seed_5/voronoi/softlabelbased/20240926-190535,0.49515,0.25362
50,0.001,0.0001,0.002,256,500,5,Experiment Path: ./logs/Concrete_Compressive_Strength/seed_5/voronoi/softlabelbased/20240926-190535,0.14563,0.04801
50,0.001,0.0001,0.002,256,500,6,Experiment Path: ./logs/Concrete_Compressive_Strength/seed_6/voronoi/softlabelbased/20240926-190623,0.96117,1.62762
50,0.001,0.0001,0.002,256,500,6,Experiment Path: ./logs/Concrete_Compressive_Strength/seed_6/voronoi/softlabelbased/20240926-190623,0.53398,0.31686
50,0.001,0.0001,0.002,256,500,6,Experiment Path: ./logs/Concrete_Compressive_Strength/seed_6/voronoi/softlabelbased/20240926-190623,0.10680,0.06553
50,0.001,0.0001,0.001,-1,300,0,Experiment Path: ./logs/Concrete_Compressive_Strength/seed_0/voronoi/softlabelbased/20240926-190958,0.94175,1.41441
50,0.001,0.0001,0.001,-1,300,0,Experiment Path: ./logs/Concrete_Compressive_Strength/seed_0/voronoi/softlabelbased/20240926-190958,0.59223,0.51427
50,0.001,0.0001,0.001,-1,300,0,Experiment Path: ./logs/Concrete_Compressive_Strength/seed_0/voronoi/softlabelbased/20240926-190958,0.07767,0.06020
50,0.001,0.0001,0.001,-1,300,1,Experiment Path: ./logs/Concrete_Compressive_Strength/seed_1/voronoi/softlabelbased/20240926-191004,0.95146,1.40326
50,0.001,0.0001,0.001,-1,300,1,Experiment Path: ./logs/Concrete_Compressive_Strength/seed_1/voronoi/softlabelbased/20240926-191004,0.60194,0.44672
50,0.001,0.0001,0.001,-1,300,1,Experiment Path: ./logs/Concrete_Compressive_Strength/seed_1/voronoi/softlabelbased/20240926-191004,0.05825,0.04242
50,0.001,0.0001,0.002,256,500,7,Experiment Path: ./logs/Concrete_Compressive_Strength/seed_7/voronoi/softlabelbased/20240926-190624,0.95146,1.25225
50,0.001,0.0001,0.002,256,500,7,Experiment Path: ./logs/Concrete_Compressive_Strength/seed_7/voronoi/softlabelbased/20240926-190624,0.45631,0.30309
50,0.001,0.0001,0.002,256,500,7,Experiment Path: ./logs/Concrete_Compressive_Strength/seed_7/voronoi/softlabelbased/20240926-190624,0.14563,0.04524
50,0.001,0.0001,0.002,256,500,8,Experiment Path: ./logs/Concrete_Compressive_Strength/seed_8/voronoi/softlabelbased/20240926-190633,0.94175,1.50259
50,0.001,0.0001,0.002,256,500,8,Experiment Path: ./logs/Concrete_Compressive_Strength/seed_8/voronoi/softlabelbased/20240926-190633,0.61165,0.40041
50,0.001,0.0001,0.002,256,500,8,Experiment Path: ./logs/Concrete_Compressive_Strength/seed_8/voronoi/softlabelbased/20240926-190633,0.27184,0.07789
50,0.001,0.0001,0.001,-1,300,2,Experiment Path: ./logs/Concrete_Compressive_Strength/seed_2/voronoi/softlabelbased/20240926-191018,0.91262,1.19208
50,0.001,0.0001,0.001,-1,300,2,Experiment Path: ./logs/Concrete_Compressive_Strength/seed_2/voronoi/softlabelbased/20240926-191018,0.57282,0.42648
50,0.001,0.0001,0.001,-1,300,2,Experiment Path: ./logs/Concrete_Compressive_Strength/seed_2/voronoi/softlabelbased/20240926-191018,0.18447,0.08147
50,0.001,0.0001,0.002,256,500,9,Experiment Path: ./logs/Concrete_Compressive_Strength/seed_9/voronoi/softlabelbased/20240926-190642,0.89320,1.40795
50,0.001,0.0001,0.002,256,500,9,Experiment Path: ./logs/Concrete_Compressive_Strength/seed_9/voronoi/softlabelbased/20240926-190642,0.51456,0.36781
50,0.001,0.0001,0.002,256,500,9,Experiment Path: ./logs/Concrete_Compressive_Strength/seed_9/voronoi/softlabelbased/20240926-190642,0.10680,0.05852
50,0.001,0.0001,0.001,-1,300,4,Experiment Path: ./logs/Concrete_Compressive_Strength/seed_4/voronoi/softlabelbased/20240926-191050,0.89320,1.20662
50,0.001,0.0001,0.001,-1,300,4,Experiment Path: ./logs/Concrete_Compressive_Strength/seed_4/voronoi/softlabelbased/20240926-191050,0.55340,0.42455
50,0.001,0.0001,0.001,-1,300,4,Experiment Path: ./logs/Concrete_Compressive_Strength/seed_4/voronoi/softlabelbased/20240926-191050,0.15534,0.07575
50,0.001,0.0001,0.001,-1,300,6,Experiment Path: ./logs/Concrete_Compressive_Strength/seed_6/voronoi/softlabelbased/20240926-191059,0.92233,1.35780
50,0.001,0.0001,0.001,-1,300,6,Experiment Path: ./logs/Concrete_Compressive_Strength/seed_6/voronoi/softlabelbased/20240926-191059,0.46602,0.40638
50,0.001,0.0001,0.001,-1,300,6,Experiment Path: ./logs/Concrete_Compressive_Strength/seed_6/voronoi/softlabelbased/20240926-191059,0.18447,0.09304
50,0.001,0.0001,0.001,-1,300,3,Experiment Path: ./logs/Concrete_Compressive_Strength/seed_3/voronoi/softlabelbased/20240926-191048,0.95146,1.29286
50,0.001,0.0001,0.001,-1,300,3,Experiment Path: ./logs/Concrete_Compressive_Strength/seed_3/voronoi/softlabelbased/20240926-191048,0.60194,0.49733
50,0.001,0.0001,0.001,-1,300,3,Experiment Path: ./logs/Concrete_Compressive_Strength/seed_3/voronoi/softlabelbased/20240926-191048,0.26214,0.14121
50,0.001,0.0001,0.001,-1,300,5,Experiment Path: ./logs/Concrete_Compressive_Strength/seed_5/voronoi/softlabelbased/20240926-191058,0.88350,1.14614
50,0.001,0.0001,0.001,-1,300,5,Experiment Path: ./logs/Concrete_Compressive_Strength/seed_5/voronoi/softlabelbased/20240926-191058,0.53398,0.41396
50,0.001,0.0001,0.001,-1,300,5,Experiment Path: ./logs/Concrete_Compressive_Strength/seed_5/voronoi/softlabelbased/20240926-191058,0.10680,0.06424
50,0.001,0.0001,0.001,-1,300,7,Experiment Path: ./logs/Concrete_Compressive_Strength/seed_7/voronoi/softlabelbased/20240926-191113,0.90291,1.11454
50,0.001,0.0001,0.001,-1,300,7,Experiment Path: ./logs/Concrete_Compressive_Strength/seed_7/voronoi/softlabelbased/20240926-191113,0.45631,0.36762
50,0.001,0.0001,0.001,-1,300,7,Experiment Path: ./logs/Concrete_Compressive_Strength/seed_7/voronoi/softlabelbased/20240926-191113,0.08738,0.06472
50,0.001,0.0001,0.001,-1,300,8,Experiment Path: ./logs/Concrete_Compressive_Strength/seed_8/voronoi/softlabelbased/20240926-191117,0.94175,1.26975
50,0.001,0.0001,0.001,-1,300,8,Experiment Path: ./logs/Concrete_Compressive_Strength/seed_8/voronoi/softlabelbased/20240926-191117,0.63107,0.56011
50,0.001,0.0001,0.001,-1,300,8,Experiment Path: ./logs/Concrete_Compressive_Strength/seed_8/voronoi/softlabelbased/20240926-191117,0.17476,0.09286
50,0.001,0.0001,0.001,-1,300,9,Experiment Path: ./logs/Concrete_Compressive_Strength/seed_9/voronoi/softlabelbased/20240926-191127,0.91262,1.24273
50,0.001,0.0001,0.001,-1,300,9,Experiment Path: ./logs/Concrete_Compressive_Strength/seed_9/voronoi/softlabelbased/20240926-191127,0.47573,0.38292
50,0.001,0.0001,0.001,-1,300,9,Experiment Path: ./logs/Concrete_Compressive_Strength/seed_9/voronoi/softlabelbased/20240926-191127,0.06796,0.03679
50,0.001,0.0001,0.001,256,150,1,Experiment Path: ./logs/Concrete_Compressive_Strength/seed_1/voronoi/softlabelbased/20240926-191324,0.88350,1.08341
50,0.001,0.0001,0.001,256,150,1,Experiment Path: ./logs/Concrete_Compressive_Strength/seed_1/voronoi/softlabelbased/20240926-191324,0.56311,0.37923
50,0.001,0.0001,0.001,256,150,1,Experiment Path: ./logs/Concrete_Compressive_Strength/seed_1/voronoi/softlabelbased/20240926-191324,0.07767,0.04657
50,0.001,0.0001,0.001,256,150,0,Experiment Path: ./logs/Concrete_Compressive_Strength/seed_0/voronoi/softlabelbased/20240926-191322,0.95146,1.24067
50,0.001,0.0001,0.001,256,150,0,Experiment Path: ./logs/Concrete_Compressive_Strength/seed_0/voronoi/softlabelbased/20240926-191322,0.61165,0.43897
50,0.001,0.0001,0.001,256,150,0,Experiment Path: ./logs/Concrete_Compressive_Strength/seed_0/voronoi/softlabelbased/20240926-191322,0.15534,0.04910
50,0.001,0.0001,0.001,256,150,2,Experiment Path: ./logs/Concrete_Compressive_Strength/seed_2/voronoi/softlabelbased/20240926-191332,0.91262,1.07404
50,0.001,0.0001,0.001,256,150,2,Experiment Path: ./logs/Concrete_Compressive_Strength/seed_2/voronoi/softlabelbased/20240926-191332,0.48544,0.31794
50,0.001,0.0001,0.001,256,150,2,Experiment Path: ./logs/Concrete_Compressive_Strength/seed_2/voronoi/softlabelbased/20240926-191332,0.17476,0.05110
50,0.001,0.0001,0.001,256,150,3,Experiment Path: ./logs/Concrete_Compressive_Strength/seed_3/voronoi/softlabelbased/20240926-191336,0.95146,1.14455
50,0.001,0.0001,0.001,256,150,3,Experiment Path: ./logs/Concrete_Compressive_Strength/seed_3/voronoi/softlabelbased/20240926-191336,0.56311,0.34116
50,0.001,0.0001,0.001,256,150,3,Experiment Path: ./logs/Concrete_Compressive_Strength/seed_3/voronoi/softlabelbased/20240926-191336,0.14563,0.04666
50,0.001,0.0001,0.001,256,150,4,Experiment Path: ./logs/Concrete_Compressive_Strength/seed_4/voronoi/softlabelbased/20240926-191341,0.91262,1.15302
50,0.001,0.0001,0.001,256,150,4,Experiment Path: ./logs/Concrete_Compressive_Strength/seed_4/voronoi/softlabelbased/20240926-191341,0.47573,0.24953
50,0.001,0.0001,0.001,256,150,4,Experiment Path: ./logs/Concrete_Compressive_Strength/seed_4/voronoi/softlabelbased/20240926-191341,0.11650,0.03408
50,0.001,0.0001,0.001,256,150,5,Experiment Path: ./logs/Concrete_Compressive_Strength/seed_5/voronoi/softlabelbased/20240926-191352,0.88350,1.05730
50,0.001,0.0001,0.001,256,150,5,Experiment Path: ./logs/Concrete_Compressive_Strength/seed_5/voronoi/softlabelbased/20240926-191352,0.43689,0.25072
50,0.001,0.0001,0.001,256,150,5,Experiment Path: ./logs/Concrete_Compressive_Strength/seed_5/voronoi/softlabelbased/20240926-191352,0.09709,0.01803
50,0.001,0.0001,0.001,-1,500,0,Experiment Path: ./logs/Concrete_Compressive_Strength/seed_0/voronoi/softlabelbased/20240926-191132,0.94175,1.29038
50,0.001,0.0001,0.001,-1,500,0,Experiment Path: ./logs/Concrete_Compressive_Strength/seed_0/voronoi/softlabelbased/20240926-191132,0.52427,0.31278
50,0.001,0.0001,0.001,-1,500,0,Experiment Path: ./logs/Concrete_Compressive_Strength/seed_0/voronoi/softlabelbased/20240926-191132,0.06796,0.04780
50,0.001,0.0001,0.001,-1,500,1,Experiment Path: ./logs/Concrete_Compressive_Strength/seed_1/voronoi/softlabelbased/20240926-191150,0.94175,1.72697
50,0.001,0.0001,0.001,-1,500,1,Experiment Path: ./logs/Concrete_Compressive_Strength/seed_1/voronoi/softlabelbased/20240926-191150,0.62136,0.51665
50,0.001,0.0001,0.001,-1,500,1,Experiment Path: ./logs/Concrete_Compressive_Strength/seed_1/voronoi/softlabelbased/20240926-191150,0.19417,0.10423
50,0.001,0.0001,0.001,-1,500,4,Experiment Path: ./logs/Concrete_Compressive_Strength/seed_4/voronoi/softlabelbased/20240926-191226,0.90291,1.25285
50,0.001,0.0001,0.001,-1,500,4,Experiment Path: ./logs/Concrete_Compressive_Strength/seed_4/voronoi/softlabelbased/20240926-191226,0.59223,0.38477
50,0.001,0.0001,0.001,-1,500,4,Experiment Path: ./logs/Concrete_Compressive_Strength/seed_4/voronoi/softlabelbased/20240926-191226,0.14563,0.05193
50,0.001,0.0001,0.001,256,150,8,Experiment Path: ./logs/Concrete_Compressive_Strength/seed_8/voronoi/softlabelbased/20240926-191508,0.96117,1.13354
50,0.001,0.0001,0.001,256,150,8,Experiment Path: ./logs/Concrete_Compressive_Strength/seed_8/voronoi/softlabelbased/20240926-191508,0.62136,0.35114
50,0.001,0.0001,0.001,256,150,8,Experiment Path: ./logs/Concrete_Compressive_Strength/seed_8/voronoi/softlabelbased/20240926-191508,0.05825,0.02054
50,0.001,0.0001,0.001,256,150,7,Experiment Path: ./logs/Concrete_Compressive_Strength/seed_7/voronoi/softlabelbased/20240926-191505,0.95146,1.20418
50,0.001,0.0001,0.001,256,150,7,Experiment Path: ./logs/Concrete_Compressive_Strength/seed_7/voronoi/softlabelbased/20240926-191505,0.59223,0.26500
50,0.001,0.0001,0.001,256,150,7,Experiment Path: ./logs/Concrete_Compressive_Strength/seed_7/voronoi/softlabelbased/20240926-191505,0.21359,0.05275
50,0.001,0.0001,0.001,256,150,6,Experiment Path: ./logs/Concrete_Compressive_Strength/seed_6/voronoi/softlabelbased/20240926-191503,0.94175,1.21854
50,0.001,0.0001,0.001,256,150,6,Experiment Path: ./logs/Concrete_Compressive_Strength/seed_6/voronoi/softlabelbased/20240926-191503,0.65049,0.38979
50,0.001,0.0001,0.001,256,150,6,Experiment Path: ./logs/Concrete_Compressive_Strength/seed_6/voronoi/softlabelbased/20240926-191503,0.25243,0.07358
50,0.001,0.0001,0.001,-1,500,2,Experiment Path: ./logs/Concrete_Compressive_Strength/seed_2/voronoi/softlabelbased/20240926-191216,0.92233,1.46427
50,0.001,0.0001,0.001,-1,500,2,Experiment Path: ./logs/Concrete_Compressive_Strength/seed_2/voronoi/softlabelbased/20240926-191216,0.57282,0.38462
50,0.001,0.0001,0.001,-1,500,2,Experiment Path: ./logs/Concrete_Compressive_Strength/seed_2/voronoi/softlabelbased/20240926-191216,0.09709,0.04752
50,0.001,0.0001,0.001,-1,500,7,Experiment Path: ./logs/Concrete_Compressive_Strength/seed_7/voronoi/softlabelbased/20240926-191242,0.91262,1.20615
50,0.001,0.0001,0.001,-1,500,7,Experiment Path: ./logs/Concrete_Compressive_Strength/seed_7/voronoi/softlabelbased/20240926-191242,0.48544,0.27732
50,0.001,0.0001,0.001,-1,500,7,Experiment Path: ./logs/Concrete_Compressive_Strength/seed_7/voronoi/softlabelbased/20240926-191242,0.10680,0.04647
50,0.001,0.0001,0.001,-1,500,3,Experiment Path: ./logs/Concrete_Compressive_Strength/seed_3/voronoi/softlabelbased/20240926-191223,0.96117,1.45656
50,0.001,0.0001,0.001,-1,500,3,Experiment Path: ./logs/Concrete_Compressive_Strength/seed_3/voronoi/softlabelbased/20240926-191223,0.65049,0.44075
50,0.001,0.0001,0.001,-1,500,3,Experiment Path: ./logs/Concrete_Compressive_Strength/seed_3/voronoi/softlabelbased/20240926-191223,0.20388,0.10866
50,0.001,0.0001,0.001,256,150,9,Experiment Path: ./logs/Concrete_Compressive_Strength/seed_9/voronoi/softlabelbased/20240926-191520,0.94175,1.17030
50,0.001,0.0001,0.001,256,150,9,Experiment Path: ./logs/Concrete_Compressive_Strength/seed_9/voronoi/softlabelbased/20240926-191520,0.47573,0.32123
50,0.001,0.0001,0.001,256,150,9,Experiment Path: ./logs/Concrete_Compressive_Strength/seed_9/voronoi/softlabelbased/20240926-191520,0.09709,0.05599
50,0.001,0.0001,0.001,-1,500,5,Experiment Path: ./logs/Concrete_Compressive_Strength/seed_5/voronoi/softlabelbased/20240926-191229,0.86408,1.22511
50,0.001,0.0001,0.001,-1,500,5,Experiment Path: ./logs/Concrete_Compressive_Strength/seed_5/voronoi/softlabelbased/20240926-191229,0.47573,0.32829
50,0.001,0.0001,0.001,-1,500,5,Experiment Path: ./logs/Concrete_Compressive_Strength/seed_5/voronoi/softlabelbased/20240926-191229,0.08738,0.03443
50,0.001,0.0001,0.001,-1,500,6,Experiment Path: ./logs/Concrete_Compressive_Strength/seed_6/voronoi/softlabelbased/20240926-191235,0.92233,1.27169
50,0.001,0.0001,0.001,-1,500,6,Experiment Path: ./logs/Concrete_Compressive_Strength/seed_6/voronoi/softlabelbased/20240926-191235,0.43689,0.31518
50,0.001,0.0001,0.001,-1,500,6,Experiment Path: ./logs/Concrete_Compressive_Strength/seed_6/voronoi/softlabelbased/20240926-191235,0.05825,0.03519
50,0.001,0.0001,0.001,-1,500,8,Experiment Path: ./logs/Concrete_Compressive_Strength/seed_8/voronoi/softlabelbased/20240926-191255,0.92233,1.41025
50,0.001,0.0001,0.001,-1,500,8,Experiment Path: ./logs/Concrete_Compressive_Strength/seed_8/voronoi/softlabelbased/20240926-191255,0.56311,0.45612
50,0.001,0.0001,0.001,-1,500,8,Experiment Path: ./logs/Concrete_Compressive_Strength/seed_8/voronoi/softlabelbased/20240926-191255,0.05825,0.04416
50,0.001,0.0001,0.001,-1,500,9,Experiment Path: ./logs/Concrete_Compressive_Strength/seed_9/voronoi/softlabelbased/20240926-191318,0.94175,1.60380
50,0.001,0.0001,0.001,-1,500,9,Experiment Path: ./logs/Concrete_Compressive_Strength/seed_9/voronoi/softlabelbased/20240926-191318,0.49515,0.40069
50,0.001,0.0001,0.001,-1,500,9,Experiment Path: ./logs/Concrete_Compressive_Strength/seed_9/voronoi/softlabelbased/20240926-191318,0.05825,0.03950
50,0.001,0.0001,0.001,256,300,1,Experiment Path: ./logs/Concrete_Compressive_Strength/seed_1/voronoi/softlabelbased/20240926-191535,0.95146,1.24718
50,0.001,0.0001,0.001,256,300,1,Experiment Path: ./logs/Concrete_Compressive_Strength/seed_1/voronoi/softlabelbased/20240926-191535,0.66990,0.49867
50,0.001,0.0001,0.001,256,300,1,Experiment Path: ./logs/Concrete_Compressive_Strength/seed_1/voronoi/softlabelbased/20240926-191535,0.12621,0.05156
50,0.001,0.0001,0.001,256,300,0,Experiment Path: ./logs/Concrete_Compressive_Strength/seed_0/voronoi/softlabelbased/20240926-191529,0.94175,1.18641
50,0.001,0.0001,0.001,256,300,0,Experiment Path: ./logs/Concrete_Compressive_Strength/seed_0/voronoi/softlabelbased/20240926-191529,0.45631,0.36509
50,0.001,0.0001,0.001,256,300,0,Experiment Path: ./logs/Concrete_Compressive_Strength/seed_0/voronoi/softlabelbased/20240926-191529,0.16505,0.06350
50,0.001,0.0001,0.001,256,300,2,Experiment Path: ./logs/Concrete_Compressive_Strength/seed_2/voronoi/softlabelbased/20240926-191613,0.96117,1.28530
50,0.001,0.0001,0.001,256,300,2,Experiment Path: ./logs/Concrete_Compressive_Strength/seed_2/voronoi/softlabelbased/20240926-191613,0.57282,0.42478
50,0.001,0.0001,0.001,256,300,2,Experiment Path: ./logs/Concrete_Compressive_Strength/seed_2/voronoi/softlabelbased/20240926-191613,0.12621,0.06198
50,0.001,0.0001,0.001,256,300,3,Experiment Path: ./logs/Concrete_Compressive_Strength/seed_3/voronoi/softlabelbased/20240926-191624,0.96117,1.38226
50,0.001,0.0001,0.001,256,300,3,Experiment Path: ./logs/Concrete_Compressive_Strength/seed_3/voronoi/softlabelbased/20240926-191624,0.51456,0.36338
50,0.001,0.0001,0.001,256,300,3,Experiment Path: ./logs/Concrete_Compressive_Strength/seed_3/voronoi/softlabelbased/20240926-191624,0.18447,0.06862
50,0.001,0.0001,0.001,256,300,4,Experiment Path: ./logs/Concrete_Compressive_Strength/seed_4/voronoi/softlabelbased/20240926-191647,0.92233,1.22521
50,0.001,0.0001,0.001,256,300,4,Experiment Path: ./logs/Concrete_Compressive_Strength/seed_4/voronoi/softlabelbased/20240926-191647,0.49515,0.29661
50,0.001,0.0001,0.001,256,300,4,Experiment Path: ./logs/Concrete_Compressive_Strength/seed_4/voronoi/softlabelbased/20240926-191647,0.19417,0.07013
50,0.001,0.0001,0.001,256,300,6,Experiment Path: ./logs/Concrete_Compressive_Strength/seed_6/voronoi/softlabelbased/20240926-191659,0.95146,1.39603
50,0.001,0.0001,0.001,256,300,6,Experiment Path: ./logs/Concrete_Compressive_Strength/seed_6/voronoi/softlabelbased/20240926-191659,0.67961,0.39611
50,0.001,0.0001,0.001,256,300,6,Experiment Path: ./logs/Concrete_Compressive_Strength/seed_6/voronoi/softlabelbased/20240926-191659,0.13592,0.06817
50,0.001,0.0001,0.001,256,300,8,Experiment Path: ./logs/Concrete_Compressive_Strength/seed_8/voronoi/softlabelbased/20240926-191659,0.91262,1.16146
50,0.001,0.0001,0.001,256,300,8,Experiment Path: ./logs/Concrete_Compressive_Strength/seed_8/voronoi/softlabelbased/20240926-191659,0.61165,0.41284
50,0.001,0.0001,0.001,256,300,8,Experiment Path: ./logs/Concrete_Compressive_Strength/seed_8/voronoi/softlabelbased/20240926-191659,0.27184,0.10871
50,0.001,0.0001,0.001,256,300,7,Experiment Path: ./logs/Concrete_Compressive_Strength/seed_7/voronoi/softlabelbased/20240926-191657,0.96117,1.37372
50,0.001,0.0001,0.001,256,300,7,Experiment Path: ./logs/Concrete_Compressive_Strength/seed_7/voronoi/softlabelbased/20240926-191657,0.49515,0.32208
50,0.001,0.0001,0.001,256,300,7,Experiment Path: ./logs/Concrete_Compressive_Strength/seed_7/voronoi/softlabelbased/20240926-191657,0.10680,0.05256
50,0.001,0.0001,0.001,256,300,9,Experiment Path: ./logs/Concrete_Compressive_Strength/seed_9/voronoi/softlabelbased/20240926-191710,0.96117,1.42107
50,0.001,0.0001,0.001,256,300,9,Experiment Path: ./logs/Concrete_Compressive_Strength/seed_9/voronoi/softlabelbased/20240926-191710,0.45631,0.37159
50,0.001,0.0001,0.001,256,300,9,Experiment Path: ./logs/Concrete_Compressive_Strength/seed_9/voronoi/softlabelbased/20240926-191710,0.08738,0.03688
50,0.001,0.0001,0.001,256,300,5,Experiment Path: ./logs/Concrete_Compressive_Strength/seed_5/voronoi/softlabelbased/20240926-191657,0.88350,1.05103
50,0.001,0.0001,0.001,256,300,5,Experiment Path: ./logs/Concrete_Compressive_Strength/seed_5/voronoi/softlabelbased/20240926-191657,0.40777,0.24004
50,0.001,0.0001,0.001,256,300,5,Experiment Path: ./logs/Concrete_Compressive_Strength/seed_5/voronoi/softlabelbased/20240926-191657,0.05825,0.04160
50,0.001,0.0001,0.0001,-1,150,0,Experiment Path: ./logs/Concrete_Compressive_Strength/seed_0/voronoi/softlabelbased/20240926-192013,0.93204,1.32532
50,0.001,0.0001,0.0001,-1,150,0,Experiment Path: ./logs/Concrete_Compressive_Strength/seed_0/voronoi/softlabelbased/20240926-192013,0.52427,0.37720
50,0.001,0.0001,0.0001,-1,150,0,Experiment Path: ./logs/Concrete_Compressive_Strength/seed_0/voronoi/softlabelbased/20240926-192013,0.05825,0.03495
50,0.001,0.0001,0.0001,-1,150,1,Experiment Path: ./logs/Concrete_Compressive_Strength/seed_1/voronoi/softlabelbased/20240926-192020,0.90291,1.28873
50,0.001,0.0001,0.0001,-1,150,1,Experiment Path: ./logs/Concrete_Compressive_Strength/seed_1/voronoi/softlabelbased/20240926-192020,0.55340,0.41848
50,0.001,0.0001,0.0001,-1,150,1,Experiment Path: ./logs/Concrete_Compressive_Strength/seed_1/voronoi/softlabelbased/20240926-192020,0.08738,0.06005
50,0.001,0.0001,0.0001,-1,150,2,Experiment Path: ./logs/Concrete_Compressive_Strength/seed_2/voronoi/softlabelbased/20240926-192027,0.93204,1.17080
50,0.001,0.0001,0.0001,-1,150,2,Experiment Path: ./logs/Concrete_Compressive_Strength/seed_2/voronoi/softlabelbased/20240926-192027,0.41748,0.35398
50,0.001,0.0001,0.0001,-1,150,2,Experiment Path: ./logs/Concrete_Compressive_Strength/seed_2/voronoi/softlabelbased/20240926-192027,0.15534,0.05085
50,0.001,0.0001,0.0001,-1,150,3,Experiment Path: ./logs/Concrete_Compressive_Strength/seed_3/voronoi/softlabelbased/20240926-192029,0.96117,1.19029
50,0.001,0.0001,0.0001,-1,150,3,Experiment Path: ./logs/Concrete_Compressive_Strength/seed_3/voronoi/softlabelbased/20240926-192029,0.57282,0.42649
50,0.001,0.0001,0.0001,-1,150,3,Experiment Path: ./logs/Concrete_Compressive_Strength/seed_3/voronoi/softlabelbased/20240926-192029,0.14563,0.09416
50,0.001,0.0001,0.0001,-1,150,4,Experiment Path: ./logs/Concrete_Compressive_Strength/seed_4/voronoi/softlabelbased/20240926-192031,0.89320,1.22174
50,0.001,0.0001,0.0001,-1,150,4,Experiment Path: ./logs/Concrete_Compressive_Strength/seed_4/voronoi/softlabelbased/20240926-192031,0.46602,0.36388
50,0.001,0.0001,0.0001,-1,150,4,Experiment Path: ./logs/Concrete_Compressive_Strength/seed_4/voronoi/softlabelbased/20240926-192031,0.11650,0.04263
50,0.001,0.0001,0.0001,-1,150,5,Experiment Path: ./logs/Concrete_Compressive_Strength/seed_5/voronoi/softlabelbased/20240926-192033,0.85437,0.97455
50,0.001,0.0001,0.0001,-1,150,5,Experiment Path: ./logs/Concrete_Compressive_Strength/seed_5/voronoi/softlabelbased/20240926-192033,0.41748,0.29904
50,0.001,0.0001,0.0001,-1,150,5,Experiment Path: ./logs/Concrete_Compressive_Strength/seed_5/voronoi/softlabelbased/20240926-192033,0.05825,0.02990
50,0.001,0.0001,0.001,256,500,0,Experiment Path: ./logs/Concrete_Compressive_Strength/seed_0/voronoi/softlabelbased/20240926-191712,0.92233,1.25566
50,0.001,0.0001,0.001,256,500,0,Experiment Path: ./logs/Concrete_Compressive_Strength/seed_0/voronoi/softlabelbased/20240926-191712,0.64078,0.36100
50,0.001,0.0001,0.001,256,500,0,Experiment Path: ./logs/Concrete_Compressive_Strength/seed_0/voronoi/softlabelbased/20240926-191712,0.13592,0.05211
50,0.001,0.0001,0.001,256,500,4,Experiment Path: ./logs/Concrete_Compressive_Strength/seed_4/voronoi/softlabelbased/20240926-191720,0.93204,1.37235
50,0.001,0.0001,0.001,256,500,4,Experiment Path: ./logs/Concrete_Compressive_Strength/seed_4/voronoi/softlabelbased/20240926-191720,0.52427,0.29394
50,0.001,0.0001,0.001,256,500,4,Experiment Path: ./logs/Concrete_Compressive_Strength/seed_4/voronoi/softlabelbased/20240926-191720,0.13592,0.03716
50,0.001,0.0001,0.001,256,500,2,Experiment Path: ./logs/Concrete_Compressive_Strength/seed_2/voronoi/softlabelbased/20240926-191718,0.93204,1.65869
50,0.001,0.0001,0.001,256,500,2,Experiment Path: ./logs/Concrete_Compressive_Strength/seed_2/voronoi/softlabelbased/20240926-191718,0.44660,0.32680
50,0.001,0.0001,0.001,256,500,2,Experiment Path: ./logs/Concrete_Compressive_Strength/seed_2/voronoi/softlabelbased/20240926-191718,0.09709,0.05097
50,0.001,0.0001,0.001,256,500,1,Experiment Path: ./logs/Concrete_Compressive_Strength/seed_1/voronoi/softlabelbased/20240926-191712,0.95146,1.37780
50,0.001,0.0001,0.001,256,500,1,Experiment Path: ./logs/Concrete_Compressive_Strength/seed_1/voronoi/softlabelbased/20240926-191712,0.56311,0.34611
50,0.001,0.0001,0.001,256,500,1,Experiment Path: ./logs/Concrete_Compressive_Strength/seed_1/voronoi/softlabelbased/20240926-191712,0.15534,0.07800
50,0.001,0.0001,0.001,256,500,3,Experiment Path: ./logs/Concrete_Compressive_Strength/seed_3/voronoi/softlabelbased/20240926-191720,0.94175,1.43244
50,0.001,0.0001,0.001,256,500,3,Experiment Path: ./logs/Concrete_Compressive_Strength/seed_3/voronoi/softlabelbased/20240926-191720,0.56311,0.36244
50,0.001,0.0001,0.001,256,500,3,Experiment Path: ./logs/Concrete_Compressive_Strength/seed_3/voronoi/softlabelbased/20240926-191720,0.17476,0.05379
50,0.001,0.0001,0.0001,-1,150,7,Experiment Path: ./logs/Concrete_Compressive_Strength/seed_7/voronoi/softlabelbased/20240926-192140,0.89320,1.04382
50,0.001,0.0001,0.0001,-1,150,7,Experiment Path: ./logs/Concrete_Compressive_Strength/seed_7/voronoi/softlabelbased/20240926-192140,0.47573,0.31479
50,0.001,0.0001,0.0001,-1,150,7,Experiment Path: ./logs/Concrete_Compressive_Strength/seed_7/voronoi/softlabelbased/20240926-192140,0.08738,0.04464
50,0.001,0.0001,0.0001,-1,150,6,Experiment Path: ./logs/Concrete_Compressive_Strength/seed_6/voronoi/softlabelbased/20240926-192138,0.98058,1.40821
50,0.001,0.0001,0.0001,-1,150,6,Experiment Path: ./logs/Concrete_Compressive_Strength/seed_6/voronoi/softlabelbased/20240926-192138,0.57282,0.43416
50,0.001,0.0001,0.0001,-1,150,6,Experiment Path: ./logs/Concrete_Compressive_Strength/seed_6/voronoi/softlabelbased/20240926-192138,0.15534,0.07682
50,0.001,0.0001,0.0001,-1,150,8,Experiment Path: ./logs/Concrete_Compressive_Strength/seed_8/voronoi/softlabelbased/20240926-192153,0.93204,1.22623
50,0.001,0.0001,0.0001,-1,150,8,Experiment Path: ./logs/Concrete_Compressive_Strength/seed_8/voronoi/softlabelbased/20240926-192153,0.60194,0.48290
50,0.001,0.0001,0.0001,-1,150,8,Experiment Path: ./logs/Concrete_Compressive_Strength/seed_8/voronoi/softlabelbased/20240926-192153,0.11650,0.06345
50,0.001,0.0001,0.0001,-1,150,9,Experiment Path: ./logs/Concrete_Compressive_Strength/seed_9/voronoi/softlabelbased/20240926-192153,0.94175,1.23630
50,0.001,0.0001,0.0001,-1,150,9,Experiment Path: ./logs/Concrete_Compressive_Strength/seed_9/voronoi/softlabelbased/20240926-192153,0.55340,0.41506
50,0.001,0.0001,0.0001,-1,150,9,Experiment Path: ./logs/Concrete_Compressive_Strength/seed_9/voronoi/softlabelbased/20240926-192153,0.17476,0.05657
50,0.001,0.0001,0.001,256,500,5,Experiment Path: ./logs/Concrete_Compressive_Strength/seed_5/voronoi/softlabelbased/20240926-191838,0.87379,1.04293
50,0.001,0.0001,0.001,256,500,5,Experiment Path: ./logs/Concrete_Compressive_Strength/seed_5/voronoi/softlabelbased/20240926-191838,0.43689,0.23601
50,0.001,0.0001,0.001,256,500,5,Experiment Path: ./logs/Concrete_Compressive_Strength/seed_5/voronoi/softlabelbased/20240926-191838,0.11650,0.05580
50,0.001,0.0001,0.0001,-1,300,0,Experiment Path: ./logs/Concrete_Compressive_Strength/seed_0/voronoi/softlabelbased/20240926-192156,0.91262,1.03875
50,0.001,0.0001,0.0001,-1,300,0,Experiment Path: ./logs/Concrete_Compressive_Strength/seed_0/voronoi/softlabelbased/20240926-192156,0.50485,0.28190
50,0.001,0.0001,0.0001,-1,300,0,Experiment Path: ./logs/Concrete_Compressive_Strength/seed_0/voronoi/softlabelbased/20240926-192156,0.06796,0.02153
50,0.001,0.0001,0.001,256,500,6,Experiment Path: ./logs/Concrete_Compressive_Strength/seed_6/voronoi/softlabelbased/20240926-191905,0.94175,1.44968
50,0.001,0.0001,0.001,256,500,6,Experiment Path: ./logs/Concrete_Compressive_Strength/seed_6/voronoi/softlabelbased/20240926-191905,0.53398,0.29513
50,0.001,0.0001,0.001,256,500,6,Experiment Path: ./logs/Concrete_Compressive_Strength/seed_6/voronoi/softlabelbased/20240926-191905,0.21359,0.07675
50,0.001,0.0001,0.001,256,500,7,Experiment Path: ./logs/Concrete_Compressive_Strength/seed_7/voronoi/softlabelbased/20240926-191907,0.96117,1.40368
50,0.001,0.0001,0.001,256,500,7,Experiment Path: ./logs/Concrete_Compressive_Strength/seed_7/voronoi/softlabelbased/20240926-191907,0.48544,0.30270
50,0.001,0.0001,0.001,256,500,7,Experiment Path: ./logs/Concrete_Compressive_Strength/seed_7/voronoi/softlabelbased/20240926-191907,0.10680,0.04663
50,0.001,0.0001,0.0001,-1,300,1,Experiment Path: ./logs/Concrete_Compressive_Strength/seed_1/voronoi/softlabelbased/20240926-192202,0.96117,1.26421
50,0.001,0.0001,0.0001,-1,300,1,Experiment Path: ./logs/Concrete_Compressive_Strength/seed_1/voronoi/softlabelbased/20240926-192202,0.52427,0.32973
50,0.001,0.0001,0.0001,-1,300,1,Experiment Path: ./logs/Concrete_Compressive_Strength/seed_1/voronoi/softlabelbased/20240926-192202,0.18447,0.07839
50,0.001,0.0001,0.0001,-1,300,3,Experiment Path: ./logs/Concrete_Compressive_Strength/seed_3/voronoi/softlabelbased/20240926-192246,0.95146,1.18767
50,0.001,0.0001,0.0001,-1,300,3,Experiment Path: ./logs/Concrete_Compressive_Strength/seed_3/voronoi/softlabelbased/20240926-192246,0.62136,0.32945
50,0.001,0.0001,0.0001,-1,300,3,Experiment Path: ./logs/Concrete_Compressive_Strength/seed_3/voronoi/softlabelbased/20240926-192246,0.11650,0.04044
50,0.001,0.0001,0.001,256,500,9,Experiment Path: ./logs/Concrete_Compressive_Strength/seed_9/voronoi/softlabelbased/20240926-191956,0.91262,1.39197
50,0.001,0.0001,0.001,256,500,9,Experiment Path: ./logs/Concrete_Compressive_Strength/seed_9/voronoi/softlabelbased/20240926-191956,0.47573,0.36466
50,0.001,0.0001,0.001,256,500,9,Experiment Path: ./logs/Concrete_Compressive_Strength/seed_9/voronoi/softlabelbased/20240926-191956,0.05825,0.03364
50,0.001,0.0001,0.0001,-1,300,4,Experiment Path: ./logs/Concrete_Compressive_Strength/seed_4/voronoi/softlabelbased/20240926-192251,0.92233,1.06753
50,0.001,0.0001,0.0001,-1,300,4,Experiment Path: ./logs/Concrete_Compressive_Strength/seed_4/voronoi/softlabelbased/20240926-192251,0.45631,0.23288
50,0.001,0.0001,0.0001,-1,300,4,Experiment Path: ./logs/Concrete_Compressive_Strength/seed_4/voronoi/softlabelbased/20240926-192251,0.12621,0.04025
50,0.001,0.0001,0.0001,-1,300,5,Experiment Path: ./logs/Concrete_Compressive_Strength/seed_5/voronoi/softlabelbased/20240926-192251,0.89320,1.03567
50,0.001,0.0001,0.0001,-1,300,5,Experiment Path: ./logs/Concrete_Compressive_Strength/seed_5/voronoi/softlabelbased/20240926-192251,0.52427,0.26270
50,0.001,0.0001,0.0001,-1,300,5,Experiment Path: ./logs/Concrete_Compressive_Strength/seed_5/voronoi/softlabelbased/20240926-192251,0.12621,0.04243
50,0.001,0.0001,0.0001,-1,300,2,Experiment Path: ./logs/Concrete_Compressive_Strength/seed_2/voronoi/softlabelbased/20240926-192238,0.90291,1.08366
50,0.001,0.0001,0.0001,-1,300,2,Experiment Path: ./logs/Concrete_Compressive_Strength/seed_2/voronoi/softlabelbased/20240926-192238,0.44660,0.23342
50,0.001,0.0001,0.0001,-1,300,2,Experiment Path: ./logs/Concrete_Compressive_Strength/seed_2/voronoi/softlabelbased/20240926-192238,0.11650,0.02487
50,0.001,0.0001,0.0001,-1,300,6,Experiment Path: ./logs/Concrete_Compressive_Strength/seed_6/voronoi/softlabelbased/20240926-192255,0.98058,1.32561
50,0.001,0.0001,0.0001,-1,300,6,Experiment Path: ./logs/Concrete_Compressive_Strength/seed_6/voronoi/softlabelbased/20240926-192255,0.48544,0.26283
50,0.001,0.0001,0.0001,-1,300,6,Experiment Path: ./logs/Concrete_Compressive_Strength/seed_6/voronoi/softlabelbased/20240926-192255,0.11650,0.02965
50,0.001,0.0001,0.0001,-1,300,7,Experiment Path: ./logs/Concrete_Compressive_Strength/seed_7/voronoi/softlabelbased/20240926-192259,0.94175,0.90797
50,0.001,0.0001,0.0001,-1,300,7,Experiment Path: ./logs/Concrete_Compressive_Strength/seed_7/voronoi/softlabelbased/20240926-192259,0.52427,0.30156
50,0.001,0.0001,0.0001,-1,300,7,Experiment Path: ./logs/Concrete_Compressive_Strength/seed_7/voronoi/softlabelbased/20240926-192259,0.07767,0.02986
50,0.001,0.0001,0.001,256,500,8,Experiment Path: ./logs/Concrete_Compressive_Strength/seed_8/voronoi/softlabelbased/20240926-191949,0.93204,1.34282
50,0.001,0.0001,0.001,256,500,8,Experiment Path: ./logs/Concrete_Compressive_Strength/seed_8/voronoi/softlabelbased/20240926-191949,0.69903,0.50381
50,0.001,0.0001,0.001,256,500,8,Experiment Path: ./logs/Concrete_Compressive_Strength/seed_8/voronoi/softlabelbased/20240926-191949,0.15534,0.06583
50,0.001,0.0001,0.0001,-1,300,8,Experiment Path: ./logs/Concrete_Compressive_Strength/seed_8/voronoi/softlabelbased/20240926-192306,0.95146,1.07891
50,0.001,0.0001,0.0001,-1,300,8,Experiment Path: ./logs/Concrete_Compressive_Strength/seed_8/voronoi/softlabelbased/20240926-192306,0.58252,0.32557
50,0.001,0.0001,0.0001,-1,300,8,Experiment Path: ./logs/Concrete_Compressive_Strength/seed_8/voronoi/softlabelbased/20240926-192306,0.17476,0.03193
50,0.001,0.0001,0.0001,-1,300,9,Experiment Path: ./logs/Concrete_Compressive_Strength/seed_9/voronoi/softlabelbased/20240926-192312,0.94175,1.18746
50,0.001,0.0001,0.0001,-1,300,9,Experiment Path: ./logs/Concrete_Compressive_Strength/seed_9/voronoi/softlabelbased/20240926-192312,0.55340,0.31250
50,0.001,0.0001,0.0001,-1,300,9,Experiment Path: ./logs/Concrete_Compressive_Strength/seed_9/voronoi/softlabelbased/20240926-192312,0.10680,0.02357
50,0.001,0.0001,0.0001,256,150,0,Experiment Path: ./logs/Concrete_Compressive_Strength/seed_0/voronoi/softlabelbased/20240926-192508,0.94175,1.16283
50,0.001,0.0001,0.0001,256,150,0,Experiment Path: ./logs/Concrete_Compressive_Strength/seed_0/voronoi/softlabelbased/20240926-192508,0.61165,0.38088
